playerId,N1,N2,N3,N4,N5,N6,E1,E2,E3,E4,E5,E6,A1,A2,A3,A4,A5,A6,O1,O2,O3,O4,O5,O6,C1,C2,C3,C4,C5,C6,N,E,O,A,C,Internal,PowerfulOthers,Chance,gender,age,school,browser,browserHours,os,osHours,mobile,mobileHours,social,socialHours,readNews,searchImages,media,office,email,searchWords,shopping,preferredVersion,preferredVersion_Number,grandMeanGives,grandMeanTakes,ratioTakesGives,grandMean,meanWhoFocus,meanWhatFocus,whoFocus_A,whoFocus_B,whoFocus_C,whoFocus_D,whatFocus_A,whatFocus_B,whatFocus_C,whatFocus_D,levelWord_A_1,levelWord_A_2,levelWord_A_3,levelWord_A_4,levelWord_A_5,levelWord_A_6,levelWord_A_7,wordState_A_1,wordState_A_2,wordState_A_3,wordState_A_4,wordState_A_5,wordState_A_6,wordState_A_7,score_A_1,score_A_2,score_A_3,score_A_4,score_A_5,score_A_6,score_A_7,numberOfGives_A_1,numberOfGives_A_2,numberOfGives_A_3,numberOfGives_A_4,numberOfGives_A_5,numberOfGives_A_6,numberOfGives_A_7,meanNumberOfGives_A,numberOfTakes_A_1,numberOfTakes_A_2,numberOfTakes_A_3,numberOfTakes_A_4,numberOfTakes_A_5,numberOfTakes_A_6,numberOfTakes_A_7,meanNumberOfTakes_A,levelWord_B_1,levelWord_B_2,levelWord_B_3,levelWord_B_4,levelWord_B_5,levelWord_B_6,levelWord_B_7,wordState_B_1,wordState_B_2,wordState_B_3,wordState_B_4,wordState_B_5,wordState_B_6,wordState_B_7,score_B_1,score_B_2,score_B_3,score_B_4,score_B_5,score_B_6,score_B_7,numberOfGives_B_1,numberOfGives_B_2,numberOfGives_B_3,numberOfGives_B_4,numberOfGives_B_5,numberOfGives_B_6,numberOfGives_B_7,meanNumberOfGives_B,numberOfTakes_B_1,numberOfTakes_B_2,numberOfTakes_B_3,numberOfTakes_B_4,numberOfTakes_B_5,numberOfTakes_B_6,numberOfTakes_B_7,meanNumberOfTakes_B,levelWord_C_1,levelWord_C_2,levelWord_C_3,levelWord_C_4,levelWord_C_5,levelWord_C_6,levelWord_C_7,wordState_C_1,wordState_C_2,wordState_C_3,wordState_C_4,wordState_C_5,wordState_C_6,wordState_C_7,score_C_1,score_C_2,score_C_3,score_C_4,score_C_5,score_C_6,score_C_7,numberOfGives_C_1,numberOfGives_C_2,numberOfGives_C_3,numberOfGives_C_4,numberOfGives_C_5,numberOfGives_C_6,numberOfGives_C_7,meanNumberOfGives_C,numberOfTakes_C_1,numberOfTakes_C_2,numberOfTakes_C_3,numberOfTakes_C_4,numberOfTakes_C_5,numberOfTakes_C_6,numberOfTakes_C_7,meanNumberOfTakes_C,levelWord_D_1,levelWord_D_2,levelWord_D_3,levelWord_D_4,levelWord_D_5,levelWord_D_6,levelWord_D_7,wordState_D_1,wordState_D_2,wordState_D_3,wordState_D_4,wordState_D_5,wordState_D_6,wordState_D_7,score_D_1,score_D_2,score_D_3,score_D_4,score_D_5,score_D_6,score_D_7,numberOfGives_D_1,numberOfGives_D_2,numberOfGives_D_3,numberOfGives_D_4,numberOfGives_D_5,numberOfGives_D_6,numberOfGives_D_7,meanNumberOfGives_D,numberOfTakes_D_1,numberOfTakes_D_2,numberOfTakes_D_3,numberOfTakes_D_4,numberOfTakes_D_5,numberOfTakes_D_6,numberOfTakes_D_7,meanNumberOfTakes_D
3,High,High,High,High,High,High,High,Low,High,Low,High,High,High,Low,High,High,High,High,High,High,High,High,High,Low,Low,Low,Low,High,Low,Low,High,High,High,Low,Low,High,Low,Low,Masculino,21,Ensino Secundário,Google Chrome,"Entre 4 a 6 horas, inclusive",Windows,"Entre 4 a 6 horas, inclusive",Android,"Entre 4 a 6 horas, inclusive",Outra,"Entre 2 a 4 horas, inclusive",Menos frequentemente,Semanalmente,Diariamente,Semanalmente,Semanalmente,Semanalmente,Mensalmente,C,2,1.357142857,2.642857143,1.947368421,4.0,1.75,4.25,1,3,2,1,4,6,3,4,PARK,COPS,HAVE,AXIS,FACE,PALM,APEX,PARK,C PS,AVE,AXIS,FA E,PALM,APEX,20,30,45,60,70,90,110,0,0,1,1,0,0,0,0.2857142857,4,4,3,3,4,4,4,3.714285714,BULK,APEX,COME,WOLF,JAZZ,WIMP,CAVE,BULK,A E,COME,WOLF,JAZ,WIMP,CA E,30,50,90,120,150,170,200,1,1,0,1,0,1,1,0.7142857143000001,3,3,4,3,4,3,3,3.285714286,JEAN,SAND,SAND,NUMB,LACK,NUMB,BURY,JEAN,SAND,SAND,NUMB,LACK,NUMB,BURY,40,80,110,150,190,230,270,2,0,0,1,3,0,0,0.8571428570999999,2,4,4,3,1,4,4,3.142857143,COUP,FACE,PACK,FICE,PALM,FACE,HULK,C U,FACE,PACK,FICE,P LM,FAC,HULK,20,60,100,130,170,210,240,2,4,4,3,4,4,4,3.571428571,2,0,0,1,0,0,0,0.42857142859999997
9,High,Low,High,High,Low,High,Low,Low,Low,High,Low,High,Low,High,High,High,High,High,High,Low,Low,Low,Low,High,High,High,High,High,Low,High,High,Low,High,High,High,High,Low,Low,Feminino,28,Mestrado,Google Chrome,"Entre 6 a 8 horas, inclusive",Windows,"Entre 6 a 8 horas, inclusive",Android,"Entre 2 a 4 horas, inclusive",Facebook,"Entre 2 a 4 horas, inclusive",Menos frequentemente,Mensalmente,Diariamente,Menos frequentemente,Diariamente,Semanalmente,Menos frequentemente,D,3,1.392857143,2.607142857,1.871794872,4.0,3.25,2.0,1,2,3,7,5,1,1,1,FOLK,FLEW,JARS,DUKE,NUMB,DUCK,PLOT,FOLK,FLEW,JARS,UKE,NUMB,DU K,PLOT,5,15,25,30,40,45,65,2,1,0,0,0,0,0,0.42857142859999997,2,3,4,4,4,4,4,3.571428571,FILM,NUMB,DUCK,LACK,FORM,JEAN,KNOW,FILM,N MB,DUCK,LACK,FORM,JEAN,KNOW,0,30,70,110,150,190,230,4,0,0,0,0,0,0,0.5714285714,0,4,4,4,4,4,4,3.428571429,CAVE,HULK,UGLY,PLOT,LAMB,LAMB,HIKE,CAVE,HULK,UGL,PLOT,LAM,LAMB,HIK,40,80,110,140,180,210,240,0,1,0,0,2,3,0,0.8571428570999999,4,3,4,4,2,1,4,3.142857143,FOLK,WHEY,PLEB,JIMP,FLEW,QUIT,SCUM,FOLK,WHEY,PLEB,JIMP,FLEW,QUIT,SCUM,20,60,100,130,170,210,250,2,4,4,4,4,4,4,3.714285714,2,0,0,0,0,0,0,0.2857142857
17,Low,Low,High,Low,High,High,High,High,Low,Low,High,High,High,Low,High,High,High,High,High,Low,Low,Low,High,Low,Low,Low,Low,Low,Low,Low,High,High,High,High,Low,High,Low,Low,Masculino,24,Licenciatura,Google Chrome,"Entre 6 a 8 horas, inclusive",Windows,"Entre 6 a 8 horas, inclusive",Android,"Entre 2 a 4 horas, inclusive",Facebook,Menos de 2 horas,Diariamente,Mensalmente,Diariamente,Semanalmente,Diariamente,Diariamente,Mensalmente,A,0,1.357142857,2.642857143,1.947368421,4.0,3.25,5.25,1,1,4,7,7,5,6,3,FLEW,VERB,MYTH,UGLY,JAZZ,BURN,FIVE,FLEW,VERB,MYTH,GL,JAZ,BURN,FIVE,15,25,45,45,60,80,100,1,0,0,0,0,0,0,0.14285714289999998,3,4,4,4,4,4,4,3.857142857,BACK,HALF,MILK,,,,SAND,BACK,HALF,MILK,,,,SAND,20,60,100,140,180,210,250,2,0,0,0,0,0,0,0.2857142857,2,4,4,4,4,4,4,3.714285714,PUSH,KNOW,JEEP,FLAW,HAVE,ROCK,JEAN,PUSH,KNO,JE P,FLAW,HAVE,ROCK,JEAN,40,70,100,140,180,220,260,1,0,1,1,2,1,2,1.142857143,3,4,3,3,2,3,2,2.857142857,OUCH,FILM,DUCK,PACK,WINK,JIMP,KEYS,OUCH,F,DUCK,PACK,WINK,JIMP,KEYS,30,60,100,140,180,210,250,3,4,4,4,4,4,4,3.857142857,1,0,0,0,0,0,0,0.14285714289999998
18,High,Low,High,High,High,High,Low,Low,Low,Low,Low,Low,High,High,High,High,High,High,Low,Low,Low,Low,High,High,Low,Low,Low,Low,Low,Low,High,Low,High,High,Low,High,Low,Low,Masculino,22,Licenciatura,Mozilla Firefox,Mais de 8 horas,Windows,Mais de 8 horas,Android,Mais de 8 horas,Facebook,"Entre 4 a 6 horas, inclusive",Menos frequentemente,Menos frequentemente,Diariamente,Diariamente,Diariamente,Semanalmente,Menos frequentemente,A,0,1.75,2.25,1.285714286,4.0,4.0,6.0,2,6,4,4,7,6,6,5,INKY,BACK,RACK,NEXT,JIMP,QUIT,BOMB,INKY,BACK,RACK,NEXT,JI P,QUIT,B M,10,20,25,45,45,55,60,1,0,2,0,1,1,0,0.7142857143000001,3,4,2,4,3,3,4,3.285714286,MAPS,KEYS,BACK,AXIS,BLEW,HALF,WINK,M PS,KEYS,BACK,AXIS,BLE,HALF,WINK,30,70,90,130,130,140,160,1,0,2,0,4,3,2,1.714285714,3,4,2,4,0,1,2,2.285714286,COPY,KNOW,FUNK,UGLY,HAVE,JIMP,NEXT,COP,KNOW,F NK,UGLY,HAVE,JIM,NEXT,40,80,110,150,190,220,260,2,2,1,0,2,1,1,1.285714286,2,2,3,4,2,3,3,2.714285714,CAFE,BARK,HOAX,CREW,BULK,QUIT,ROCK,CAFE,BARK,HOAX,CREW,B LK,QUIT,ROCK,20,50,90,120,160,190,220,2,3,4,3,4,4,3,3.285714286,2,1,0,1,0,0,1,0.7142857143000001
24,High,Low,High,High,High,High,High,Low,High,High,High,High,High,High,High,High,High,High,High,High,High,High,High,High,High,Low,High,Low,Low,Low,High,High,High,High,Low,High,Low,Low,Feminino,20,Ensino Secundário,Google Chrome,Menos de 2 horas,Windows,"Entre 2 a 4 horas, inclusive",iOS,"Entre 2 a 4 horas, inclusive",Instagram,Menos de 2 horas,Diariamente,Mensalmente,Diariamente,Menos frequentemente,Diariamente,Diariamente,Menos frequentemente,A,0,1.285714286,2.714285714,2.111111111,4.0,3.0,4.0,3,1,1,7,7,4,4,1,CLAM,POKE,KNOW,CLAY,NAVY,DUMB,BOMB,CLAM,POKE,KNOW,CLAY,NAVY,DUM,BOM,15,30,40,55,65,70,85,1,0,1,0,0,0,0,0.2857142857,3,4,3,4,4,4,4,3.714285714,NAVY,GLOW,EXAM,MYTH,BARK,WINK,CAFE,,GLO,EXAM,TH,BARK,WINK,CAFE,20,50,90,110,150,190,230,1,0,0,0,0,0,0,0.14285714289999998,3,4,4,4,4,4,4,3.857142857,BOMB,WIMP,BIKE,CAVE,HOAX,FORM,BULK,BOM,WIMP,BI E,CAVE,HOAX,FORM,BU K,40,70,100,130,170,210,250,2,1,1,0,1,0,4,1.285714286,2,3,3,4,3,4,0,2.714285714,COPY,LACK,HULK,GLOW,KIND,CLAY,SCUM,COPY,LACK,HUL,GLOW,KIND,CLAY,SCUM,10,50,80,120,150,190,220,1,4,3,4,4,4,4,3.428571429,3,0,1,0,0,0,0,0.5714285714
31,High,High,High,High,High,High,Low,Low,High,Low,High,High,Low,Low,High,Low,High,High,High,High,Low,Low,High,Low,Low,Low,Low,Low,Low,Low,High,High,High,Low,Low,High,Low,Low,Feminino,22,Licenciatura,Opera,"Entre 6 a 8 horas, inclusive",Windows,"Entre 6 a 8 horas, inclusive",Android,Mais de 8 horas,Facebook,"Entre 2 a 4 horas, inclusive",Menos frequentemente,Semanalmente,Menos frequentemente,Menos frequentemente,Diariamente,Mensalmente,Mensalmente,A,0,1.428571429,2.5714285709999998,1.8,4.0,1.5,4.25,1,1,3,1,6,2,5,4,COPY,CLAP,QUIT,FLOP,JOKY,BURY,FLAW,O Y,CLAP,QUIT,FLOP,JOKY,BURY,LAW,0,15,30,45,65,75,90,1,1,0,0,0,1,0,0.42857142859999997,3,3,4,4,4,3,4,3.571428571,FORM,LUCK,WHEY,PLOT,FLEW,FOLK,WORK,FORM,LU K,WHEY,PLOT,FLEW,FOLK,WOR,40,60,90,130,170,210,240,0,2,1,0,0,0,0,0.42857142859999997,4,2,3,4,4,4,4,3.571428571,JUKE,DUCK,DUCK,CAVE,COPS,VERB,JOKY,JUKE,DU K,D CK,CAVE,COPS,V RB,J KY,40,70,100,140,180,210,240,3,1,1,1,3,2,1,1.714285714,1,3,3,3,1,2,3,2.285714286,LAMB,PLOT,NAVY,HUSK,JARS,POKE,LIFE,LAM,P O,NAVY,HUSK,JARS,POKE,LIFE,0,20,40,80,120,160,200,1,3,2,4,4,4,4,3.142857143,3,1,2,0,0,0,0,0.8571428570999999
33,Low,Low,Low,Low,High,Low,High,Low,High,Low,Low,High,High,Low,High,High,High,High,High,Low,High,Low,High,High,Low,Low,High,Low,High,High,Low,High,High,High,High,High,Low,Low,Masculino,20,Ensino Secundário,Google Chrome,"Entre 4 a 6 horas, inclusive",Windows,Menos de 2 horas,Android,"Entre 4 a 6 horas, inclusive",Reddit,"Entre 2 a 4 horas, inclusive",Menos frequentemente,Semanalmente,Mensalmente,Semanalmente,Mensalmente,Mensalmente,Mensalmente,B,1,1.071428571,2.928571429,2.733333333,4.0,4.75,3.5,1,5,6,7,7,2,4,1,SAND,JIMP,POPE,FLOW,HIKE,BLEW,MILK,SAND,JIMP,PO E,FLOW,HI E,BLEW,MILK,10,15,20,40,55,70,90,1,0,0,0,0,0,0,0.14285714289999998,3,4,4,4,4,4,4,3.857142857,PLOT,FACT,JADE,KIND,GLOW,DUCK,BLEW,PLOT,FA T,JADE,KIND,GLOW,DUCK,BLEW,30,60,100,140,180,220,260,1,0,0,0,0,0,0,0.14285714289999998,3,4,4,4,4,4,4,3.857142857,NEXT,HALF,LACK,APEX,MAPS,DUCK,SAND,EXT,H LF,LACK,APEX,MAPS,DUC,SAND,30,70,110,150,190,220,260,0,1,0,0,0,0,0,0.14285714289999998,4,3,4,4,4,4,4,3.857142857,COPS,HOWL,FACT,JEEP,BIKE,FILM,VERB,OPS,HOWL,FACT,JE P,BIKE,FIL,VERB,30,70,110,140,180,220,250,3,4,4,4,4,4,4,3.857142857,1,0,0,0,0,0,0,0.14285714289999998
34,High,High,High,High,High,High,Low,Low,Low,High,High,High,Low,High,High,Low,High,High,High,High,High,High,Low,High,Low,Low,Low,High,Low,Low,High,Low,High,Low,Low,High,Low,High,Feminino,21,Licenciatura,Google Chrome,"Entre 2 a 4 horas, inclusive",Linux,"Entre 4 a 6 horas, inclusive",Android,Menos de 2 horas,Facebook,Menos de 2 horas,Diariamente,Semanalmente,Diariamente,Mensalmente,Diariamente,Semanalmente,Menos frequentemente,D,3,1.25,2.75,2.2,4.0,2.75,3.75,1,1,2,7,6,5,3,1,KEYS,FLAW,PLEB,MICE,BLEW,FORM,PUMA,EY,FLAW,PLEB,MICE,LEW,FORM,PUMA,0,10,20,30,40,50,65,3,1,0,0,0,0,0,0.5714285714,1,3,4,4,4,4,4,3.428571429,VERB,RACK,DUMB,HOWL,PACK,VERB,OUCH,VERB,R CK,DUMB,HO L,PAC,ER,OU H,30,60,100,130,160,180,210,1,0,0,0,0,0,0,0.14285714289999998,3,4,4,4,4,4,4,3.857142857,QUIT,MONK,PARK,CAVE,HIKE,PUMA,AMOK,QUIT,MONK,PARK,CAVE,HIKE,P MA,AMOK,40,80,120,160,200,230,270,0,1,0,1,0,0,0,0.2857142857,4,3,4,3,4,4,4,3.714285714,QUIT,JEAN,JEEP,WHEY,HOAX,DUMB,HALF,QUI,EAN,JE P,WHEY,HOAX,DUMB,HALF,30,70,100,140,160,200,240,4,4,4,4,4,4,4,4.0,0,0,0,0,0,0,0,0.0
46,High,High,High,High,Low,Low,Low,Low,High,High,Low,High,Low,Low,Low,High,High,High,Low,High,Low,Low,High,Low,High,High,High,Low,High,High,High,Low,High,Low,High,High,Low,Low,Masculino,21,Licenciatura,Opera,"Entre 4 a 6 horas, inclusive",Windows,"Entre 4 a 6 horas, inclusive",Android,"Entre 4 a 6 horas, inclusive",Instagram,Menos de 2 horas,Diariamente,Diariamente,Diariamente,Semanalmente,Diariamente,Semanalmente,Menos frequentemente,D,3,1.392857143,2.607142857,1.871794872,4.0,3.25,4.5,1,3,2,7,7,5,5,1,FLOW,COKE,PARK,BIKE,MARK,FILM,NEXT,FLOW,COKE,PARK,BIKE,MARK,FIL,NEXT,10,20,35,55,70,70,85,0,0,0,0,0,1,1,0.2857142857,4,4,4,4,4,3,3,3.714285714,APEX,NECK,DUMB,CHEF,FOLK,FLOP,CLAM,APEX,NECK,DUMB,CHEF,FOLK,FLOP,CLAM,30,60,90,90,120,160,200,1,0,1,4,0,0,0,0.8571428570999999,3,4,3,0,4,4,4,3.142857143,FICE,PUMA,COPS,JOKY,UGLY,SCUM,RACK,FICE,PUM,COPS,JO Y,UGLY,S UM,RACK,40,70,100,130,170,200,240,1,1,1,0,0,1,0,0.5714285714,3,3,3,4,4,3,4,3.428571429,DUCK,KEYS,COME,QUIT,SAND,HOAX,COPY,DU,KEYS,COME,QUIT,SAND,HOAX,COP,10,50,90,130,170,210,240,3,4,4,4,4,4,4,3.857142857,1,0,0,0,0,0,0,0.14285714289999998
47,High,High,High,Low,High,High,Low,Low,Low,Low,Low,High,High,Low,Low,Low,High,High,High,High,Low,Low,High,High,Low,Low,Low,Low,Low,Low,High,Low,High,Low,Low,High,Low,High,Feminino,23,Licenciatura,Safari,Menos de 2 horas,macOS,"Entre 2 a 4 horas, inclusive",iOS,"Entre 2 a 4 horas, inclusive",Instagram,Menos de 2 horas,Menos frequentemente,Mensalmente,Diariamente,Menos frequentemente,Diariamente,Semanalmente,Menos frequentemente,C,2,0.75,3.25,4.333333333,4.0,4.0,2.75,4,4,4,4,5,2,1,3,DUMB,POPE,PLEB,FURY,FORM,COKE,LACK,DUMB,PO E,PLEB,FURY,FORM,COKE,LACK,15,25,35,55,70,85,105,0,0,0,0,0,0,0,0.0,4,4,4,4,4,4,4,4.0,FLEW,HOAX,CHIC,FACT,RACK,CHIC,LIFE,FLEW,HOAX,CHI,FACT,RACK,CHI,LIFE,40,80,110,150,190,220,260,0,0,0,0,0,0,0,0.0,4,4,4,4,4,4,4,4.0,BURY,WACK,COUP,PALM,MAPS,PLAY,JAZZ,BURY,WACK,COUP,PALM,MAPS,PLAY,JAZ,40,80,120,160,200,240,270,0,0,0,0,0,0,0,0.0,4,4,4,4,4,4,4,4.0,BARF,PLAY,AMOK,FLOW,GLOW,JUKE,PUMA,BARF,PLAY,AMOK,FLOW,GLOW,JUKE,PUMA,0,10,50,80,120,160,200,0,1,4,4,4,4,4,3.0,4,3,0,0,0,0,0,1.0
48,High,Low,High,High,High,High,Low,Low,Low,Low,High,Low,Low,Low,High,High,Low,Low,High,High,Low,Low,High,Low,Low,Low,High,Low,Low,Low,High,Low,High,Low,Low,High,High,High,Feminino,20,Ensino Secundário,Google Chrome,"Entre 2 a 4 horas, inclusive",Windows,"Entre 6 a 8 horas, inclusive",Android,"Entre 2 a 4 horas, inclusive",Facebook,Menos de 2 horas,Semanalmente,Semanalmente,Semanalmente,Semanalmente,Diariamente,Semanalmente,Menos frequentemente,A,0,1.178571429,2.821428571,2.393939394,4.0,2.75,3.75,1,1,2,7,6,5,3,1,DUSK,BOWL,LIMP,IMPS,BEAK,CROW,PAWN,DUSK,BOWL,LIMP,MPS,BEAK,ROW,PAWN,10,25,45,60,70,85,100,1,1,0,1,0,0,0,0.42857142859999997,3,3,4,3,4,4,4,3.571428571,MOVE,PORK,WOMB,COWS,MOCK,MOVE,LICH,MOVE,PORK,WOM,COWS,MOCK,MOVE,LICH,30,70,100,140,180,220,260,1,0,0,0,0,0,0,0.14285714289999998,3,4,4,4,4,4,4,3.857142857,JUST,ZONE,LAMP,BAKE,HELP,PAWN,WALK,JUST,ZONE,AMP,BAKE,HE P,PAW,WALK,40,80,110,150,180,210,250,0,1,0,1,0,0,0,0.2857142857,4,3,4,3,4,4,4,3.714285714,JUST,JOHN,BEEF,WAVE,ONYX,WOMB,GOLF,JUST,JOHN,BE F,WAVE,ON,WOMB,GOLF,30,60,90,130,170,210,250,3,4,4,4,4,4,4,3.857142857,1,0,0,0,0,0,0,0.14285714289999998
62,High,Low,High,Low,High,Low,High,Low,High,High,Low,High,High,Low,High,High,High,High,High,Low,Low,Low,High,High,High,High,High,High,High,Low,High,High,High,Low,High,High,Low,Low,Feminino,21,Licenciatura,Google Chrome,"Entre 6 a 8 horas, inclusive",Windows,Mais de 8 horas,Android,Mais de 8 horas,Facebook,"Entre 4 a 6 horas, inclusive",Menos frequentemente,Mensalmente,Diariamente,Semanalmente,Diariamente,Semanalmente,Menos frequentemente,B,1,1.321428571,2.6785714290000002,2.027027027,4.0,3.75,3.25,2,2,4,7,5,2,2,4,EXAM,LAMB,FICE,JIMP,RACK,PARK,SCUM,EXAM,LAMB,FICE,JIMP,RACK,PARK,SCUM,10,30,45,60,75,95,115,1,0,0,0,0,0,0,0.14285714289999998,3,4,4,4,4,4,4,3.857142857,WOLF,JUKE,DUKE,SPAM,CLAY,FLEW,COUP,WOLF,JUKE,UKE,PAM,C AY,FLE,COUP,30,60,90,100,130,160,200,0,1,1,3,0,0,0,0.7142857143000001,4,3,3,1,4,4,4,3.285714286,WIMP,FILM,NAVY,WIMP,CAVE,BIKE,BULK,WIMP,FI M,NAV,WI P,CAVE,BI E,BULK,40,70,110,150,190,230,270,0,2,2,2,1,1,0,1.142857143,4,2,2,2,3,3,4,2.857142857,PLAY,WORK,FLEW,COME,BIKE,MAPS,FLEW,PLAY,ORK,FLEW,COME,BI E,MAPS,FLEW,0,30,70,110,150,190,220,0,3,4,4,4,4,4,3.285714286,4,1,0,0,0,0,0,0.7142857143000001
67,Low,Low,Low,Low,High,High,High,High,High,Low,High,High,High,Low,Low,High,Low,Low,High,Low,High,Low,High,High,Low,Low,Low,Low,Low,Low,Low,High,High,Low,Low,High,Low,Low,Masculino,29,Licenciatura,Mozilla Firefox,"Entre 6 a 8 horas, inclusive",Windows,"Entre 6 a 8 horas, inclusive",Android,"Entre 2 a 4 horas, inclusive",Facebook,Menos de 2 horas,Semanalmente,Semanalmente,Semanalmente,Semanalmente,Diariamente,Diariamente,Mensalmente,A,0,1.214285714,2.785714286,2.2941176469999998,4.0,4.25,4.25,6,3,5,3,7,4,5,1,LAMP,CAPE,TAXI,GAWK,BOWL,MUCH,FARM,LAMP,CAPE,TAXI,GA K,BOWL,MUCH,FARM,15,30,40,45,55,65,80,1,0,0,0,0,0,0,0.14285714289999998,3,4,4,4,4,4,4,3.857142857,PACT,SKIP,CROW,ZONE,TACK,BEAK,JAWS,A T,SK P,CROW,ZON,TACK,EAK,JAWS,20,50,90,110,150,180,220,1,0,0,1,0,0,0,0.2857142857,3,4,4,3,4,4,4,3.714285714,SEXY,LICH,SCAM,FANG,PLUG,MUCH,BANG,SEXY,LICH,S A,FANG,PLUG,MUCH,BANG,40,80,110,140,180,220,260,0,2,1,2,0,1,1,1.0,4,2,3,2,4,3,3,3.0,JAWS,FAKE,MOVE,FLUX,OKAY,FLUX,COWS,JAWS,FAKE,MOVE,FLUX,OKAY,F  X,C W,0,40,80,120,160,200,240,0,4,4,4,4,4,4,3.428571429,4,0,0,0,0,0,0,0.5714285714
69,High,Low,High,High,High,High,High,High,Low,High,High,High,High,High,High,High,High,Low,Low,High,High,Low,Low,High,Low,Low,Low,High,Low,Low,High,High,High,High,Low,High,Low,Low,Feminino,21,Ensino Secundário,Google Chrome,"Entre 2 a 4 horas, inclusive",macOS,"Entre 6 a 8 horas, inclusive",iOS,"Entre 2 a 4 horas, inclusive",Instagram,Menos de 2 horas,Menos frequentemente,Mensalmente,Semanalmente,Mensalmente,Diariamente,Diariamente,Menos frequentemente,A,0,1.714285714,2.285714286,1.333333333,4.0,2.0,2.75,2,2,2,2,2,4,3,2,HOWL,AXIS,APEX,VERB,BLEW,HIKE,PARK,HOWL,A  S,APEX,VERB,LEW,HIK,P  K,20,15,25,40,50,55,60,0,1,1,1,2,0,1,0.8571428570999999,4,3,3,3,2,4,3,3.142857143,LAMB,PARK,DUKE,CAFE,FICE,PLOT,SCUM,LAMB,PARK,DUKE,CA E,FI E,P OT,SCUM,40,60,90,120,150,170,190,0,2,1,1,0,2,2,1.142857143,4,2,3,3,4,2,2,2.857142857,WOLF,FLOW,CLAY,JIMP,INKY,POKE,HOWL,OL,FL,CLAY,JIMP,INKY,POKE,HOWL,40,70,110,150,180,220,260,2,2,2,2,2,1,0,1.571428571,2,2,2,2,2,3,4,2.4285714290000002,CLAM,FLOP,CAFE,OUCH,AMOK,JOKY,CREW,AM,FLOP,CAFE,OUCH,AMOK,JOKY,CR W,20,30,50,80,110,150,180,3,2,2,4,4,4,4,3.285714286,1,2,2,0,0,0,0,0.7142857143000001
70,Low,High,High,High,High,Low,High,High,High,High,Low,High,Low,High,High,High,High,High,High,High,Low,Low,High,High,High,High,High,High,High,Low,High,High,High,High,High,High,Low,Low,Masculino,24,Licenciatura,Edge,"Entre 2 a 4 horas, inclusive",Windows,"Entre 4 a 6 horas, inclusive",Android,Menos de 2 horas,Facebook,Menos de 2 horas,Semanalmente,Semanalmente,Diariamente,Menos frequentemente,Diariamente,Diariamente,Menos frequentemente,A,0,1.285714286,2.714285714,2.111111111,4.0,3.75,4.0,3,2,4,6,7,4,4,1,BLOW,MOVE,HYPE,RUBY,BUZZ,NUKE,FAKE,BLO,MOVE,HYPE,RUBY,BUZ,NUKE,FAKE,10,30,40,60,70,80,90,1,0,0,0,0,0,0,0.14285714289999998,3,4,4,4,4,4,4,3.857142857,CZAR,GOLF,LOCK,,,,SCAM,ZAR,OLF,LOCK,,,,SCAM,20,50,90,120,160,200,240,2,0,0,0,0,0,0,0.2857142857,2,4,4,4,4,4,4,3.714285714,MUGS,GAWK,BEEF,BOWL,HELM,PERK,JOHN,MUGS,GAWK,BE F,BOWL,HELM,PERK,JOHN,40,80,110,150,190,230,270,1,0,1,1,2,1,2,1.142857143,3,4,3,3,2,3,2,2.857142857,LICH,WHIM,PECK,MOCK,WHIP,PUMP,DUSK,LICH,WHIM,PECK,MOCK,WHIP,PUM,DUSK,30,40,80,120,160,200,240,3,2,4,4,4,4,4,3.571428571,1,2,0,0,0,0,0,0.42857142859999997
76,High,Low,High,High,High,High,High,High,High,High,High,High,High,Low,High,High,High,High,High,Low,High,Low,Low,High,High,Low,High,High,High,Low,High,High,High,High,High,High,Low,Low,Masculino,21,Licenciatura,Google Chrome,"Entre 6 a 8 horas, inclusive",macOS,"Entre 6 a 8 horas, inclusive",iOS,"Entre 4 a 6 horas, inclusive",Facebook,"Entre 2 a 4 horas, inclusive",Menos frequentemente,Mensalmente,Semanalmente,Semanalmente,Diariamente,Mensalmente,Semanalmente,A,0,1.678571429,2.3214285709999998,1.3829787230000001,4.0,4.25,4.25,2,5,4,6,4,5,2,6,COWS,SEXY,FLEX,MOVE,BEAK,HELP,LAMP,COWS,SEXY,FLEX,MOVE,BEA,HE P,LAMP,10,25,35,45,55,70,80,0,1,1,1,2,0,0,0.7142857143000001,4,3,3,3,2,4,4,3.285714286,DAMB,LAMP,DEFY,TACK,FAME,PACT,SACK,DAM,LAMP,DEFY,TA K,FAME,PACT,SACK,30,50,80,100,140,170,190,0,2,1,0,0,1,2,0.8571428570999999,4,2,3,4,4,3,2,3.142857143,VOWS,FLIP,YOLK,PUMP,ENVY,EXPO,COWS,VOWS,FLIP,YOLK,PUM,E VY,EXPO,COWS,20,50,90,120,160,200,240,1,2,2,3,2,1,0,1.571428571,3,2,2,1,2,3,4,2.4285714290000002,CAKE,CLIP,TACK,LICH,WALK,COZY,CRAB,KE,LIP,T C,LIC,WAL,COZY,CRAB,10,30,50,90,130,170,200,4,2,4,4,4,4,3,3.571428571,0,2,0,0,0,0,1,0.42857142859999997
78,Low,Low,Low,Low,Low,Low,Low,High,High,High,High,High,High,High,High,High,High,High,High,High,High,High,High,High,High,Low,Low,High,High,Low,Low,High,High,High,High,High,Low,Low,Masculino,20,Ensino Secundário,Safari,"Entre 4 a 6 horas, inclusive",macOS,"Entre 4 a 6 horas, inclusive",Android,"Entre 4 a 6 horas, inclusive",Instagram,Menos de 2 horas,Semanalmente,Diariamente,Diariamente,Menos frequentemente,Diariamente,Diariamente,Menos frequentemente,B,1,1.428571429,2.5714285709999998,1.8,4.0,3.75,5.25,1,4,3,7,7,7,2,5,LAMP,SKIP,HELM,SEXY,CYAN,MASK,FLEX,LAMP,SKIP,HELM,SEXY,CYAN,ASK,FLEX,10,25,35,45,60,65,75,0,0,0,1,0,0,0,0.14285714289999998,4,4,4,3,4,4,4,3.857142857,FLUX,FLEX,CAPE,VOWS,BUZZ,CAMP,BAKE,FLUX,FLEX,CAPE,VO S,B Z,CA P,BAKE,30,70,110,140,160,180,210,1,0,0,1,1,2,1,0.8571428570999999,3,4,4,3,3,2,3,3.142857143,JOHN,SCAM,SCAM,HYMN,DECK,HYMN,BREW,JO N,SCAM,S A,HYMN,DECK,HYMN,BREW,30,70,100,140,180,220,260,3,0,1,1,3,0,0,1.142857143,1,4,3,3,1,4,4,2.857142857,CORK,CYAN,MOCK,FAME,MASK,CYAN,CLUB,CORK,CYAN,MOCK,FAME,MASK,CYAN,C UB,0,40,80,110,140,170,210,2,4,4,3,4,4,4,3.571428571,2,0,0,1,0,0,0,0.42857142859999997
82,Low,Low,High,Low,Low,High,High,Low,High,High,Low,High,Low,Low,High,Low,High,High,High,Low,High,Low,High,High,Low,Low,Low,Low,Low,Low,Low,High,High,Low,Low,High,Low,Low,Masculino,20,Ensino Secundário,Google Chrome,"Entre 2 a 4 horas, inclusive",Windows,"Entre 2 a 4 horas, inclusive",Android,"Entre 4 a 6 horas, inclusive",Instagram,"Entre 2 a 4 horas, inclusive",Semanalmente,Menos frequentemente,Menos frequentemente,Diariamente,Diariamente,Diariamente,Diariamente,A,0,1.535714286,2.464285714,1.6046511630000002,4.0,4.0,2.25,4,3,2,7,6,1,1,1,WORK,JUKE,HAVE,FOLK,CAVE,CREW,SCUM,WORK,JUKE,AVE,FOLK,C VE,C EW,SCUM,10,20,30,40,45,60,75,1,2,2,2,3,1,0,1.571428571,3,2,2,2,1,3,4,2.4285714290000002,BLEW,WINK,GLOW,COUP,NECK,CAVE,HAVE,BLEW,WIN,GLOW,COUP,NECK,C V,HAVE,40,70,100,140,170,170,210,0,1,1,0,1,4,0,1.0,4,3,3,4,3,0,4,3.0,LACK,HUSK,HALF,PALM,CLAM,CAVE,AXIS,LACK,HUSK,HALF,PAL,CLAM,CAVE,AXIS,40,80,120,150,190,230,270,0,0,1,0,0,0,0,0.14285714289999998,4,4,3,4,4,4,4,3.857142857,BULK,KEYS,NEXT,NEXT,LUCK,JUKE,BLEW,BULK,KE,NEXT,NEXT,LUCK,JUKE,BLEW,20,40,80,120,160,200,240,2,2,4,4,4,4,4,3.428571429,2,2,0,0,0,0,0,0.5714285714
83,Low,High,High,High,High,High,High,High,High,Low,High,High,High,High,High,Low,Low,High,High,Low,Low,Low,High,Low,High,Low,Low,Low,Low,Low,High,High,High,High,Low,High,Low,Low,Masculino,23,Licenciatura,Google Chrome,"Entre 6 a 8 horas, inclusive",Windows,"Entre 6 a 8 horas, inclusive",Android,"Entre 4 a 6 horas, inclusive",Reddit,Menos de 2 horas,Diariamente,Semanalmente,Diariamente,Diariamente,Diariamente,Menos frequentemente,Semanalmente,A,0,1.321428571,2.6785714290000002,2.027027027,4.0,4.0,4.75,5,1,3,7,7,4,4,4,TICK,CAFE,HULK,COPS,CHEF,PUSH,HULK,T CK,CAFE,HULK,COP,CHEF,US,H LK,10,25,35,45,65,75,85,1,1,1,0,0,0,0,0.42857142859999997,3,3,3,4,4,4,4,3.571428571,EXAM,FLOW,MYTH,PACK,FLAW,CREW,WOLF,EXA,LOW,MYTH,PAC,FLAW,CREW,WOLF,30,60,100,130,160,200,240,1,0,0,0,0,0,0,0.14285714289999998,3,4,4,4,4,4,4,3.857142857,BLEW,MICE,ROCK,FACE,HOWL,WORK,BLEW,BLE,MIC,ROCK,FACE,HO L,WO K,BL W,30,60,100,140,180,220,250,3,1,1,0,1,1,1,1.142857143,1,3,3,4,3,3,3,2.857142857,HULK,PLOT,FILM,APEX,BURN,BARF,BURN,HULK,LOT,FILM,AP X,URN,BA F,BURN,10,40,80,110,150,190,230,1,4,4,4,4,4,4,3.571428571,3,0,0,0,0,0,0,0.42857142859999997
84,Low,High,Low,High,High,Low,High,Low,High,Low,Low,High,High,Low,High,High,High,High,Low,Low,Low,Low,Low,High,High,Low,High,High,High,High,High,High,High,High,High,Low,High,High,Feminino,21,Licenciatura,Google Chrome,"Entre 2 a 4 horas, inclusive",Windows,"Entre 6 a 8 horas, inclusive",Android,Menos de 2 horas,Instagram,Menos de 2 horas,Diariamente,Menos frequentemente,Mensalmente,Mensalmente,Semanalmente,Semanalmente,Diariamente,D,3,1.178571429,2.821428571,2.393939394,4.0,3.25,2.25,1,1,4,7,3,4,1,1,COKE,CLAM,NECK,HOAX,FICE,MILK,MILK,,,,,,,MILK,-5,10,25,45,55,75,90,1,0,0,0,0,0,0,0.14285714289999998,3,4,4,4,4,4,4,3.857142857,FLOW,BLEW,CAFE,LAMB,WIMP,LUCK,LUCK,,,,,,,LUCK,30,60,90,130,170,210,250,1,0,0,0,0,0,0,0.14285714289999998,3,4,4,4,4,4,4,3.857142857,VERB,AXIS,POKE,MYTH,LACK,FILM,FILM,,,,,,,ILM,40,60,90,130,160,180,210,1,0,1,0,1,1,1,0.7142857143000001,3,4,3,4,3,3,3,3.285714286,HULK,FLOP,NAVY,QUIT,FLOW,BULK,BULK,,,,,,,BULK,20,50,90,120,160,200,230,2,4,4,4,4,4,4,3.714285714,2,0,0,0,0,0,0,0.2857142857
87,High,Low,High,Low,High,High,High,High,High,High,High,High,High,High,High,High,Low,High,High,High,High,Low,Low,High,High,Low,Low,High,Low,High,High,High,High,Low,Low,High,Low,Low,Feminino,22,Licenciatura,Google Chrome,"Entre 4 a 6 horas, inclusive",Windows,"Entre 4 a 6 horas, inclusive",Android,"Entre 4 a 6 horas, inclusive",Instagram,"Entre 2 a 4 horas, inclusive",Diariamente,Menos frequentemente,Menos frequentemente,Mensalmente,Semanalmente,Semanalmente,Semanalmente,A,0,1.25,2.75,2.2,4.0,3.25,4.25,1,1,4,7,6,6,4,1,NAVY,MYTH,FURY,PLAY,FURY,EXAM,HIKE,NAVY,MYTH,FU Y,PLAY,FURY,EXAM,HIKE,10,30,45,60,80,95,110,1,0,0,0,0,0,0,0.14285714289999998,3,4,4,4,4,4,4,3.857142857,JOKY,HULK,PARK,FLEW,CAVE,FUNK,SCUM,JOKY,HULK,PARK,FLEW,CAVE,FUNK,SCUM,30,70,110,150,190,230,270,1,0,0,0,0,0,0,0.14285714289999998,3,4,4,4,4,4,4,3.857142857,MYTH,CAFE,ZEAL,PUMA,MARK,APEX,JIMP,TH,CAF,ZEAL,PUMA,MARK,APEX,JIMP,30,60,100,140,180,220,260,3,2,1,0,0,0,0,0.8571428570999999,1,2,3,4,4,4,4,3.142857143,TICK,ROCK,COKE,BURY,CHEF,FLAW,MAPS,TICK,ROCK,COKE,BURY,CHEF,FLAW,MAP,20,60,90,130,170,210,250,3,4,4,4,4,4,4,3.857142857,1,0,0,0,0,0,0,0.14285714289999998
88,High,High,High,High,High,High,Low,Low,Low,High,High,High,High,High,High,Low,High,High,High,Low,Low,High,High,Low,Low,High,Low,Low,Low,Low,High,Low,High,High,Low,Low,Low,Low,Feminino,22,Ensino Secundário,Google Chrome,"Entre 6 a 8 horas, inclusive",Linux,"Entre 4 a 6 horas, inclusive",Android,Mais de 8 horas,Instagram,"Entre 2 a 4 horas, inclusive",Diariamente,Menos frequentemente,Menos frequentemente,Mensalmente,Semanalmente,Semanalmente,Diariamente,D,3,0.8928571429000001,3.107142857,3.48,4.0,2.5,2.0,1,4,4,1,4,1,1,2,WOMB,MEOW,LIMP,GULF,CROW,ZERO,DECK,WOMB,MEOW,LIMP,GULF,CROW,ZERO,DECK,15,30,50,60,75,90,100,0,0,0,0,0,0,0,0.0,4,4,4,4,4,4,4,4.0,BLOW,ONYX,CHEW,FANG,PORK,CHEW,EPIC,BLOW,ONYX,HEW,FANG,PORK,CHEW,EPIC,40,80,110,150,190,230,270,0,0,0,0,0,0,0,0.0,4,4,4,4,4,4,4,4.0,BREW,JAWS,CORK,MASK,FARM,OKAY,BUZZ,REW,JAWS,CORK,MASK,FARM,OKAY,BUZ,30,70,110,150,190,230,260,1,0,0,0,0,0,0,0.14285714289999998,3,4,4,4,4,4,4,3.857142857,VERB,OKAY,WALK,FLIP,PLUG,JUNK,PAWN,VERB,O,WALK,FLI,PLUG,JUNK,PAWN,0,40,80,120,160,200,240,0,4,4,4,4,4,4,3.428571429,4,0,0,0,0,0,0,0.5714285714
91,Low,Low,Low,Low,High,High,High,High,High,Low,High,High,High,High,Low,Low,Low,High,Low,Low,Low,Low,High,High,High,High,High,Low,Low,Low,Low,High,High,Low,Low,High,Low,High,Masculino,21,Ensino Secundário,Edge,"Entre 2 a 4 horas, inclusive",Windows,"Entre 6 a 8 horas, inclusive",Android,"Entre 4 a 6 horas, inclusive",Instagram,Menos de 2 horas,Semanalmente,Menos frequentemente,Diariamente,Semanalmente,Diariamente,Mensalmente,Semanalmente,A,0,1.214285714,2.785714286,2.2941176469999998,4.0,2.75,4.25,5,1,4,1,6,6,4,1,CHIC,MANY,ZEAL,BARF,HULK,PLEB,HAVE,CHI,MANY,ZEAL,BAR,HULK,P EB,H VE,10,20,35,45,65,75,85,0,0,1,0,0,1,0,0.2857142857,4,4,3,4,4,3,4,3.714285714,FOAM,OUCH,JOKY,FOAM,BURY,WIMP,FOLK,FO M,OUC,JOKY,FOAM,URY,W MP,F LK,30,50,90,130,160,190,220,1,0,0,0,0,0,0,0.14285714289999998,3,4,4,4,4,4,4,3.857142857,JOKY,HOAX,JEAN,PUMA,HAVE,WACK,MANY,JOKY,OAX,JEAN,PUMA,HAVE,WACK,MANY,40,70,110,140,180,220,260,0,0,0,1,3,2,2,1.142857143,4,4,4,3,1,2,2,2.857142857,GLOW,WACK,LUCK,FOLK,CLAM,PALM,MICE,G OW,WACK,LU K,FOLK,CLAM,PAL,MICE,0,20,60,100,140,180,210,0,3,4,4,4,4,4,3.285714286,4,1,0,0,0,0,0,0.7142857143000001
100,High,Low,High,High,Low,Low,Low,Low,Low,Low,Low,High,Low,High,High,High,High,High,Low,High,Low,Low,Low,Low,High,High,Low,Low,High,Low,High,Low,High,Low,High,High,Low,Low,Feminino,20,Ensino Secundário,Google Chrome,"Entre 2 a 4 horas, inclusive",Windows,"Entre 2 a 4 horas, inclusive",Android,"Entre 6 a 8 horas, inclusive",Instagram,"Entre 2 a 4 horas, inclusive",Diariamente,Mensalmente,Menos frequentemente,Mensalmente,Semanalmente,Semanalmente,Semanalmente,A,0,0.7857142856999999,3.178571429,4.045454545,3.964285714,1.75,1.5,1,1,2,3,3,1,1,1,DUCK,FILM,FUNK,PARK,MAPS,FACE,DUKE,DUCK,FILM,FUNK,PARK,MAPS,FACE,DUK,10,30,50,70,90,100,110,1,0,0,0,0,0,0,0.14285714289999998,2,4,4,4,4,4,4,3.714285714,WIMP,LACK,KEYS,PACK,FUNK,COKE,NUMB,WIMP,LACK,KEYS,PACK,UNK,COKE,NUMB,20,60,100,140,170,210,250,2,0,0,0,0,0,0,0.2857142857,2,4,4,4,4,4,4,3.714285714,HOWL,APEX,HOWL,LACK,BARF,JARS,FOAM,HOWL,APEX,HOWL,LACK,BARF,JARS,FOAM,40,80,120,160,200,240,280,1,1,0,0,0,0,0,0.2857142857,3,3,4,4,4,4,4,3.714285714,BARK,BULK,JARS,CLAY,MARK,CLAM,JEAN,BARK,BULK,JARS,CLAY,MAR,CLAM,JEAN,0,0,10,50,80,120,160,0,0,1,4,4,4,4,2.4285714290000002,4,4,3,0,0,0,0,1.571428571
102,High,High,High,High,High,High,High,Low,Low,Low,Low,Low,Low,High,High,High,High,High,High,High,Low,Low,Low,High,Low,Low,Low,High,Low,Low,High,Low,High,Low,Low,High,Low,Low,Feminino,20,Ensino Secundário,Google Chrome,Menos de 2 horas,Windows,Menos de 2 horas,Android,"Entre 2 a 4 horas, inclusive",Instagram,Menos de 2 horas,Semanalmente,Menos frequentemente,Mensalmente,Semanalmente,Semanalmente,Semanalmente,Semanalmente,A,0,0.8214285714,3.178571429,3.869565217,4.0,2.75,3.75,1,1,2,7,5,5,4,1,PECK,WHIM,YUCK,LAMP,FARM,CYAN,DEFY,PE K,WHIM,YUCK,LAMP,FARM,CYAN,DEFY,10,20,30,40,50,70,85,2,0,0,0,0,0,0,0.2857142857,2,4,4,4,4,4,4,3.714285714,CAMP,DECK,DUSK,MOCK,YUCK,ZERO,HYMN,CAMP,DECK,DUSK,MOCK,YUCK,ZERO,HYMN,20,60,100,140,180,220,260,2,0,0,0,0,0,0,0.2857142857,2,4,4,4,4,4,4,3.714285714,COWS,FLEX,COWS,DECK,VERB,JAIL,FILM,COWS,LEX,COWS,DECK,VERB,JAIL,FILM,40,70,110,150,190,230,270,1,1,0,0,0,0,0,0.2857142857,3,3,4,4,4,4,4,3.714285714,MURK,FLUX,JAIL,YOLK,FORK,CAKE,JOHN,MURK,FLUX,JAIL,YOLK,ORK,CAKE,JOHN,0,0,10,50,80,120,160,0,0,1,4,4,4,4,2.4285714290000002,4,4,3,0,0,0,0,1.571428571
103,Low,High,Low,High,High,Low,High,Low,High,Low,Low,High,High,High,Low,High,Low,High,Low,Low,Low,Low,High,Low,High,Low,Low,High,Low,Low,Low,High,High,Low,Low,High,Low,Low,Masculino,20,Licenciatura,Mozilla Firefox,"Entre 4 a 6 horas, inclusive",Windows,"Entre 4 a 6 horas, inclusive",Android,"Entre 2 a 4 horas, inclusive",Reddit,Menos de 2 horas,Diariamente,Menos frequentemente,Semanalmente,Semanalmente,Diariamente,Menos frequentemente,Diariamente,A,0,1.214285714,2.785714286,2.2941176469999998,4.0,3.25,4.0,1,1,4,7,7,4,4,1,PARK,COME,TICK,KNOW,FLAW,CHEF,MAPS,PARK,COME,TIC,KN W,FLAW,CHE,MAPS,15,30,40,55,75,90,105,1,0,0,0,0,0,0,0.14285714289999998,3,4,4,4,4,4,4,3.857142857,PLOT,COPS,FORM,MONK,CAFE,BLEW,WACK,PLOT,CO S,FO M,MONK,CAFE,BLEW,WACK,30,60,90,120,160,200,240,0,0,0,1,0,0,0,0.14285714289999998,4,4,4,3,4,4,4,3.857142857,AXIS,OUCH,SAND,FACT,GLOW,CHEF,MANY,AXIS,OUCH,S ND,FA T,GL W,CHEF,MA Y,40,80,100,140,170,210,240,0,2,0,2,1,1,2,1.142857143,4,2,4,2,3,3,2,2.857142857,WACK,FIVE,VERB,BULK,PLAY,BULK,HOWL,WACK,FIVE,VERB,BULK,PLAY,BULK,HOWL,0,40,80,120,160,180,200,0,4,4,4,4,4,4,3.428571429,4,0,0,0,0,0,0,0.5714285714
107,Low,Low,Low,Low,High,Low,High,High,High,High,High,High,High,High,Low,High,High,Low,High,Low,Low,Low,Low,Low,High,Low,Low,Low,High,Low,Low,High,High,Low,Low,High,Low,Low,Masculino,22,Licenciatura,Google Chrome,"Entre 2 a 4 horas, inclusive",Linux,Menos de 2 horas,iOS,"Entre 2 a 4 horas, inclusive",Facebook,Menos de 2 horas,Diariamente,Menos frequentemente,Diariamente,Semanalmente,Diariamente,Semanalmente,Diariamente,A,0,0.9642857143000001,3.035714286,3.148148148,4.0,3.5,1.75,5,3,2,4,4,1,1,1,QUIT,FLEW,WHEY,DUCK,LACK,OUCH,GLOW,QUIT,FLEW,WHE,DUC,LACK,OUCH,GLOW,10,25,40,50,65,85,100,1,0,0,0,0,0,0,0.14285714289999998,3,4,4,4,4,4,4,3.857142857,HUSK,HIKE,HUSK,CHEF,BACK,FLAW,NUMB,HUSK,HIKE,HUSK,HEF,BACK,FLAW,NUMB,30,70,110,140,180,220,260,0,0,0,1,0,0,0,0.14285714289999998,4,4,4,3,4,4,4,3.857142857,HUSK,MANY,PLAY,GLOW,FORM,APEX,FOAM,HUS,MANY,PLAY,GLOW,ORM,APE,FOAM,30,70,110,150,180,220,260,2,0,0,0,1,2,0,0.7142857143000001,2,4,4,4,3,2,4,3.285714286,COPY,CLAY,CLAM,JEEP,SPAM,CLAM,KNOW,C P,CL Y,CLAM,E P,SP M,CLA,KNOW,10,50,90,120,140,160,180,1,4,4,4,2,2,3,2.857142857,3,0,0,0,2,2,1,1.142857143
109,Low,High,High,High,High,Low,Low,Low,High,High,High,High,High,High,High,High,High,High,High,High,Low,Low,High,High,High,Low,High,High,Low,Low,High,High,High,High,Low,High,Low,Low,Masculino,25,Licenciatura,Google Chrome,"Entre 4 a 6 horas, inclusive",Windows,Mais de 8 horas,Android,"Entre 4 a 6 horas, inclusive",Facebook,"Entre 4 a 6 horas, inclusive",Diariamente,Semanalmente,Menos frequentemente,Semanalmente,Semanalmente,Semanalmente,Semanalmente,D,3,1.214285714,2.785714286,2.2941176469999998,4.0,3.5,2.25,1,2,4,7,4,1,3,1,CHIP,CASK,JUST,CLIP,COZY,BREW,BOWL,CHIP,CASK,JUST,CLIP,COZY,BREW,BOWL,15,25,40,55,65,80,85,0,1,0,0,0,1,0,0.2857142857,4,3,4,4,4,3,4,3.714285714,CROW,PICK,WAVE,PACT,BLOW,DOCK,WEAK,CROW,PICK,WAVE,PACT,BLOW,DOCK,WEAK,40,70,100,140,180,220,260,0,1,1,0,0,0,0,0.2857142857,4,3,3,4,4,4,4,3.714285714,JUNK,PECK,PECK,BAKE,SKIP,MOVE,COZY,JUNK,PECK,PECK,BAKE,SKIP,MOV,COZY,40,80,120,160,200,230,270,3,0,0,1,3,1,1,1.285714286,1,4,4,3,1,3,3,2.714285714,DAMB,PACT,BABY,CUPS,JAIL,EXPO,EPIC,DAMB,PACT,BA Y,CUPS,JAIL,EXPO,EPIC,0,20,50,90,130,170,210,0,2,3,4,4,4,4,3.0,4,2,1,0,0,0,0,1.0
110,High,High,High,High,High,High,Low,Low,Low,High,High,High,High,Low,High,Low,High,High,High,High,High,Low,High,High,Low,Low,Low,High,Low,Low,High,High,High,High,Low,Low,Low,High,Feminino,23,Licenciatura,Google Chrome,"Entre 6 a 8 horas, inclusive",Windows,"Entre 6 a 8 horas, inclusive",Android,"Entre 6 a 8 horas, inclusive",Facebook,"Entre 4 a 6 horas, inclusive",Diariamente,Menos frequentemente,Menos frequentemente,Diariamente,Diariamente,Diariamente,Diariamente,A,0,1.178571429,2.821428571,2.393939394,4.0,4.25,2.5,3,3,4,7,6,2,1,1,MILK,BIKE,FLAW,WOLF,KIND,COPS,BURN,MILK,BIKE,F AW,WO F,KIN,COPS,BU N,10,25,35,40,50,70,80,1,1,1,1,0,0,0,0.5714285714,3,3,3,3,4,4,4,3.428571429,ZEAL,CHEF,FIVE,FLAW,PACK,COPS,BACK,ZEAL,EF,VE,FLAW,PAC,COP,B C,30,50,70,110,140,170,190,1,0,0,0,1,0,0,0.2857142857,3,4,4,4,3,4,4,3.714285714,JARS,WOLF,OUCH,RACK,NECK,FLAW,FOAM,JARS,WO F,CH,RAC,NEC,FLAW,OA,30,60,90,120,150,190,210,0,0,2,0,0,0,0,0.2857142857,4,4,2,4,4,4,4,3.714285714,CLAY,BIKE,FURY,MANY,BARF,JOKY,CLAY,CLAY,BIKE,URY,MANY,BARF,JOKY,CLAY,20,50,90,130,170,200,230,2,3,4,4,4,4,4,3.571428571,2,1,0,0,0,0,0,0.42857142859999997
111,Low,Low,High,High,High,High,Low,Low,Low,Low,High,High,High,High,High,Low,High,High,High,High,Low,Low,High,High,Low,Low,High,Low,Low,Low,High,High,High,High,Low,High,Low,Low,Feminino,31,Mestrado,Google Chrome,"Entre 4 a 6 horas, inclusive",Windows,"Entre 6 a 8 horas, inclusive",Android,"Entre 2 a 4 horas, inclusive",Outra,Menos de 2 horas,Diariamente,Semanalmente,Menos frequentemente,Diariamente,Semanalmente,Menos frequentemente,Semanalmente,D,3,1.428571429,2.5714285709999998,1.8,4.0,2.25,2.5,2,2,3,2,7,1,1,1,DOCK,BLOW,JAIL,DEFY,HYMN,PECK,PACT,DOCK,BLOW,JAIL,DEFY,HYMN,PECK,PACT,10,20,40,60,80,100,110,2,1,0,0,0,0,0,0.42857142859999997,2,3,4,4,4,4,4,3.571428571,WHIM,HYMN,PECK,DECK,CROW,JOHN,GAWK,WHIM,HYMN,PECK,DECK,CROW,JOHN,GAWK,0,40,80,120,160,200,240,4,0,0,0,0,0,0,0.5714285714,0,4,4,4,4,4,4,3.428571429,BAKE,CLUB,RUBY,PACT,DAMB,DAMB,HELP,BAKE,CLUB,RUBY,PAC,DAMB,AMB,HELP,40,80,120,160,190,230,270,0,1,0,1,1,4,0,1.0,4,3,4,3,3,0,4,3.0,DOCK,WAVE,LIMP,PUMP,BLOW,JUST,SACK,DOCK,WAVE,LIMP,PUM,BLOW,JUST,SACK,20,60,100,140,180,220,260,2,4,4,4,4,4,4,3.714285714,2,0,0,0,0,0,0,0.2857142857
112,High,High,High,High,High,High,High,High,High,High,High,High,High,Low,High,High,High,High,High,Low,Low,Low,Low,Low,Low,High,High,High,High,Low,High,High,Low,Low,Low,High,High,Low,Masculino,22,Licenciatura,Safari,"Entre 2 a 4 horas, inclusive",macOS,"Entre 2 a 4 horas, inclusive",iOS,"Entre 4 a 6 horas, inclusive",Instagram,Menos de 2 horas,Diariamente,Menos frequentemente,Mensalmente,Semanalmente,Mensalmente,Mensalmente,Diariamente,A,0,1.321428571,2.6785714290000002,2.027027027,4.0,5.5,5.0,6,5,4,7,6,6,4,4,CHEW,BANG,JANE,VERB,CLUB,LIMP,HELM,CHEW,ANG,JANE,ERB,CLUB,LIMP,HELM,15,30,40,45,55,70,85,0,1,1,1,0,0,0,0.42857142859999997,4,3,3,3,4,4,4,3.571428571,FILM,LICH,COZY,FILM,BREW,CAMP,DOCK,FILM,LIC,COZ,FILM,BREW,CAMP,DOCK,40,70,100,140,180,220,260,0,1,0,0,0,0,0,0.14285714289999998,4,3,4,4,4,4,4,3.857142857,COZY,ONYX,JOHN,PAWN,HELM,JAWS,BANG,C ZY,ONYX,JOHN,PA N,HELM,JAWS,BANG,30,70,110,150,190,230,270,1,0,0,2,3,2,2,1.428571429,3,4,4,2,1,2,2,2.5714285709999998,PLUG,JAWS,PICK,DOCK,CAKE,MASK,IMPS,PLU,JAW,PICK,DOCK,CAKE,MASK,IMP,0,30,60,100,140,170,210,0,3,4,4,4,4,4,3.285714286,4,1,0,0,0,0,0,0.7142857143000001
113,Low,Low,Low,Low,Low,Low,Low,Low,High,Low,High,Low,High,Low,Low,Low,Low,High,High,Low,Low,Low,High,Low,High,High,Low,High,Low,Low,Low,Low,High,Low,Low,High,Low,Low,Masculino,34,Mestrado,Safari,"Entre 6 a 8 horas, inclusive",macOS,Mais de 8 horas,iOS,"Entre 2 a 4 horas, inclusive",Reddit,Menos de 2 horas,Diariamente,Mensalmente,Diariamente,Diariamente,Diariamente,Semanalmente,Diariamente,C,2,1.214285714,2.785714286,2.2941176469999998,4.0,3.5,3.5,3,2,4,5,3,3,4,4,SAND,EXAM,KNOW,TICK,COPY,HULK,JUKE,SAND,EXAM,NOW,TICK,COPY,HULK,JUKE,15,30,40,55,70,85,95,0,0,0,0,0,0,0,0.0,4,4,4,4,4,4,4,4.0,BLEW,JEEP,COPY,AMOK,WHEY,FACT,SCUM,BLEW,JE P,COPY,A OK,WHEY,FACT,SCUM,30,60,100,130,170,210,250,1,0,0,0,0,0,0,0.14285714289999998,3,4,4,4,4,4,4,3.857142857,JARS,WACK,FLEW,BARF,APEX,MAPS,COUP,ARS,WAC,FLEW,BARF,A EX,M PS,COUP,30,60,100,140,160,200,240,0,2,1,1,0,1,1,0.8571428570999999,4,2,3,3,4,3,3,3.142857143,HOAX,SAND,BACK,NAVY,FLEW,DUMB,SPAM,HOAX,AND,BACK,NAVY,FLEW,DUMB,SPAM,30,70,110,140,180,220,260,3,4,4,4,4,4,4,3.857142857,1,0,0,0,0,0,0,0.14285714289999998
114,Low,High,Low,High,High,Low,High,High,High,High,High,High,High,Low,High,High,High,High,Low,High,High,High,High,High,High,Low,High,High,High,High,High,High,High,High,High,High,Low,Low,Feminino,26,Mestrado,Google Chrome,Mais de 8 horas,macOS,Mais de 8 horas,iOS,"Entre 2 a 4 horas, inclusive",Instagram,Menos de 2 horas,Diariamente,Mensalmente,Menos frequentemente,Semanalmente,Diariamente,Mensalmente,Diariamente,C,2,1.285714286,2.714285714,2.111111111,4.0,2.75,2.5,4,2,4,1,1,4,1,4,SCAM,HAZE,GAWK,TAXI,CHIP,CLUB,JUNK,SCAM,HAZE,GAWK,A I,CHIP,CLUB,JUNK,15,30,45,50,65,80,95,0,0,0,1,0,0,0,0.14285714289999998,4,4,4,3,4,4,4,3.857142857,BEAK,BEEF,CHIP,WALK,WAVE,FANG,SACK,B  K,BE F,CHI,WALK,WAVE,FANG,SAC,10,40,70,110,150,190,220,2,0,0,0,0,0,0,0.2857142857,2,4,4,4,4,4,4,3.714285714,JAIL,JAWS,BLOW,VERB,FLEX,FARM,CORK,JAI,J WS,BLOW,VERB,FLE,FARM,CORK,30,60,100,140,180,210,250,0,2,1,1,1,0,1,0.8571428570999999,4,2,3,3,3,4,3,3.142857143,ONYX,SCAM,CZAR,BABY,BLOW,WOMB,POEM,ONYX,SCAM,CZAR,BA Y,BLOW,WOMB,POEM,30,60,100,140,180,220,260,3,4,4,4,4,4,4,3.857142857,1,0,0,0,0,0,0,0.14285714289999998
116,High,High,High,High,High,High,High,High,Low,Low,High,High,Low,High,High,Low,High,High,Low,Low,High,Low,Low,Low,High,High,High,Low,High,High,High,High,High,Low,High,High,High,Low,Feminino,21,Licenciatura,Mozilla Firefox,"Entre 4 a 6 horas, inclusive",Windows,"Entre 6 a 8 horas, inclusive",iOS,Mais de 8 horas,Facebook,"Entre 4 a 6 horas, inclusive",Diariamente,Menos frequentemente,Mensalmente,Semanalmente,Semanalmente,Semanalmente,Diariamente,A,0,1.214285714,2.785714286,2.2941176469999998,4.0,3.75,3.25,6,4,4,1,6,4,2,1,JARS,PARK,DUMB,LUCK,PLOT,JEAN,PACK,JARS,P RK,D MB,LUCK,PLOT,JEA,PACK,10,20,25,40,55,55,70,2,0,0,0,0,1,0,0.42857142859999997,2,4,4,4,4,3,4,3.571428571,WACK,MONK,CHIC,HALF,HOWL,RACK,JARS,WAC,M NK,CHI,HALF,HOW,RACK,JARS,30,60,90,130,160,200,240,1,0,0,0,1,0,0,0.2857142857,3,4,4,4,3,4,4,3.714285714,CLAP,BARK,AXIS,FOLK,PUMA,HOAX,KEYS,CLAP,BAR,AXIS,FOL,PUMA,HOAX,KEY,40,70,110,140,180,220,260,1,1,1,0,0,1,1,0.7142857143000001,3,3,3,4,4,3,3,3.285714286,FURY,CLAP,VERB,PLOT,PUSH,COPY,NEXT,FURY,CLAP,VERB,PLOT,PUSH,COPY,NEXT,0,40,70,100,130,170,210,0,4,4,4,4,4,4,3.428571429,4,0,0,0,0,0,0,0.5714285714
117,High,High,High,High,High,High,High,High,Low,Low,High,High,High,High,High,High,High,High,High,Low,High,Low,High,High,Low,Low,Low,Low,Low,Low,High,High,High,High,Low,High,Low,Low,Masculino,20,Licenciatura,Google Chrome,Menos de 2 horas,Windows,"Entre 2 a 4 horas, inclusive",iOS,"Entre 2 a 4 horas, inclusive",Instagram,Menos de 2 horas,Diariamente,Menos frequentemente,Menos frequentemente,Semanalmente,Diariamente,Diariamente,Diariamente,A,0,1.0,3.0,3.0,4.0,2.0,3.0,4,2,1,1,3,3,3,3,SCAM,PUMP,MEOW,FLIP,HELP,BEAK,LOCK,SCAM,PUM,MEOW,FLIP,HELP,BEAK,LOCK,15,30,50,60,70,85,95,1,0,0,0,0,0,0,0.14285714289999998,3,4,4,4,4,4,4,3.857142857,PACT,FANG,JUDO,INCH,PLUG,PECK,BEAK,PACT,ANG,J DO,I CH,PL G,PECK,BEAK,30,60,90,120,150,190,230,1,0,0,0,0,0,0,0.14285714289999998,3,4,4,4,4,4,4,3.857142857,JEST,GOLF,DECK,FLEX,FARM,PECK,SCAM,JEST,GOLF,DECK,FLEX,FARM,PECK,SCAM,40,70,110,150,190,230,270,0,0,0,0,0,0,0,0.0,4,4,4,4,4,4,4,4.0,SKIP,COWS,FANG,BEEF,PINK,WHIM,MOVE,SKIP,COWS,FANG,BE F,PINK,WHIM,MOV,20,60,100,130,170,200,240,3,4,4,4,4,3,4,3.714285714,1,0,0,0,0,1,0,0.2857142857
118,Low,Low,High,High,High,Low,Low,Low,Low,Low,High,High,High,High,High,High,High,High,High,Low,Low,Low,Low,High,Low,High,High,Low,Low,Low,High,Low,High,High,Low,High,Low,High,Masculino,22,Licenciatura,Google Chrome,"Entre 6 a 8 horas, inclusive",Windows,"Entre 6 a 8 horas, inclusive",Android,"Entre 4 a 6 horas, inclusive",Facebook,Menos de 2 horas,Diariamente,Mensalmente,Menos frequentemente,Semanalmente,Semanalmente,Mensalmente,Diariamente,D,3,1.214285714,2.785714286,2.2941176469999998,4.0,3.25,2.5,1,1,4,7,3,4,2,1,ZERO,CAKE,LICK,ONYX,FAME,LOCK,LOCK,,,,,,,LOCK,15,30,40,45,65,75,90,1,0,0,0,0,0,0,0.14285714289999998,3,4,4,4,4,4,4,3.857142857,FLIP,BEAK,TACK,DAMB,CAMP,PICK,PICK,,,,,,,PICK,30,60,100,140,180,220,260,1,0,0,0,0,0,0,0.14285714289999998,3,4,4,4,4,4,4,3.857142857,MOVE,SEXY,EXPO,HYPE,DECK,WHIM,WHIM,,,,,,,WHIM,40,80,120,160,200,240,280,1,1,1,0,1,1,1,0.8571428570999999,3,3,3,4,3,3,3,3.142857143,CLUB,CLIP,BABY,JUST,FLIP,FLUX,FLUX,,,,,,,LUX,20,60,100,140,180,220,260,2,4,4,4,4,4,4,3.714285714,2,0,0,0,0,0,0,0.2857142857
119,High,High,High,High,High,High,High,Low,High,Low,High,High,High,Low,High,Low,High,High,Low,Low,Low,Low,Low,Low,Low,Low,Low,Low,Low,Low,High,High,Low,Low,Low,High,Low,Low,Feminino,23,Licenciatura,Mozilla Firefox,"Entre 6 a 8 horas, inclusive",Windows,Mais de 8 horas,Android,Mais de 8 horas,Instagram,"Entre 4 a 6 horas, inclusive",Diariamente,Mensalmente,Semanalmente,Mensalmente,Mensalmente,Semanalmente,Diariamente,D,3,1.357142857,2.642857143,1.947368421,4.0,2.0,4.5,1,3,2,2,5,5,3,5,HAZE,DAMB,FAME,PUMP,PORK,LAMP,SACK,A,D M,FAM,PUM,PORK,LAMP,SACK,-10,-15,-5,5,20,30,40,4,1,0,0,0,0,0,0.7142857143000001,0,3,4,4,4,4,4,3.285714286,VOWS,JUNK,DEFY,POEM,YOLK,BLOW,CORK,V WS,JUNK,DEFY,POEM,YOLK,BLOW,CO K,30,60,90,100,140,180,210,1,1,0,2,0,0,0,0.5714285714,3,3,4,2,4,4,4,3.428571429,CAMP,WHIM,BABY,CAMP,BAKE,PINK,FLUX,CAMP,WHIM,BA Y,CAMP,AKE,P NK,FLUX,40,80,100,130,160,180,220,0,1,1,1,1,0,0,0.5714285714,4,3,3,3,3,4,4,3.428571429,OKAY,WEAK,BLOW,CAPE,PINK,FARM,BLOW,OK Y,WE K,BLOW,CAPE,PINK,FARM,BLO,10,40,80,120,150,190,230,1,4,4,4,4,4,4,3.571428571,3,0,0,0,0,0,0,0.42857142859999997
120,Low,Low,High,High,Low,High,High,High,Low,Low,High,High,High,High,High,High,High,High,High,High,High,Low,High,High,Low,Low,Low,Low,Low,Low,High,High,High,High,Low,High,Low,Low,Masculino,23,Mestrado,Google Chrome,"Entre 6 a 8 horas, inclusive",Windows,Mais de 8 horas,Android,"Entre 6 a 8 horas, inclusive",Instagram,"Entre 2 a 4 horas, inclusive",Diariamente,Menos frequentemente,Menos frequentemente,Semanalmente,Mensalmente,Menos frequentemente,Diariamente,A,0,1.678571429,2.3214285709999998,1.3829787230000001,4.0,3.0,5.5,1,5,4,2,7,5,5,5,ENVY,CZAR,PORK,JEST,PUMP,JUST,BUMP,ENVY,CZAR,PORK,JEST,PUM,JUST,UMP,10,30,35,45,60,70,75,1,0,2,0,0,1,0,0.5714285714,3,4,2,4,4,3,4,3.428571429,FARM,DUSK,CZAR,SEXY,BEAK,GOLF,WHIP,F RM,DUSK,CZAR,SEXY,BEAK,GOLF,WHIP,30,70,90,130,140,150,170,0,0,2,0,3,3,2,1.428571429,4,4,2,4,1,1,2,2.5714285709999998,CHIP,GAWK,YUCK,RUBY,HELM,PUMP,JEST,CHIP,GAWK,YUCK,RUBY,HELM,PUM,JEST,30,70,110,150,190,220,260,1,2,1,0,2,0,1,1.0,3,2,3,4,2,4,3,3.0,TACK,MURK,ONYX,CRAB,FLUX,JUST,PERK,A K,MURK,ONYX,RAB,FLUX,UST,PERK,40,70,110,140,170,210,240,4,3,4,4,4,4,3,3.714285714,0,1,0,0,0,0,1,0.2857142857
124,High,High,Low,High,High,High,Low,Low,High,High,High,High,High,Low,Low,High,High,High,Low,High,High,Low,High,High,High,High,High,High,High,High,High,High,High,Low,High,Low,Low,Low,Feminino,21,Licenciatura,Google Chrome,"Entre 4 a 6 horas, inclusive",Windows,"Entre 6 a 8 horas, inclusive",Android,"Entre 2 a 4 horas, inclusive",Outra,Menos de 2 horas,Semanalmente,Menos frequentemente,Menos frequentemente,Semanalmente,Semanalmente,Diariamente,Diariamente,A,0,1.107142857,2.892857143,2.612903226,4.0,3.25,3.25,4,1,1,7,7,2,1,3,LOCK,PINK,BOWL,VOWS,INCH,SKIP,NUKE,LOCK,PINK,BOWL,VOWS,INCH,SKIP,NUKE,15,25,35,50,65,75,85,1,1,0,0,0,0,0,0.2857142857,3,3,4,4,4,4,4,3.714285714,JANE,MUCH,FAKE,BOWL,MOCK,SKIP,CZAR,JANE,MUCH,FAKE,OWL,MOCK,SKIP,CZAR,30,70,110,140,170,210,250,1,0,0,0,0,0,0,0.14285714289999998,3,4,4,4,4,4,4,3.857142857,JAIL,VOWS,LICH,PORK,LICK,BOWL,FILM,JA L,OWS,LICH,PORK,LICK,BO L,FILM,40,70,100,140,180,210,250,1,0,0,0,0,0,0,0.14285714289999998,3,4,4,4,4,4,4,3.857142857,YOLK,PINK,GULF,BANG,VERB,COZY,YOLK,OLK,PI K,GULF,BANG,VERB,C ZY,YO K,30,70,100,140,180,220,260,3,4,4,4,4,4,4,3.857142857,1,0,0,0,0,0,0,0.14285714289999998
127,Low,Low,High,High,High,Low,High,Low,Low,Low,High,Low,High,Low,High,High,High,High,High,Low,Low,Low,Low,High,Low,Low,Low,Low,Low,Low,High,Low,High,High,Low,Low,Low,Low,Masculino,25,Licenciatura,Google Chrome,"Entre 6 a 8 horas, inclusive",Windows,"Entre 6 a 8 horas, inclusive",Android,Menos de 2 horas,Facebook,"Entre 2 a 4 horas, inclusive",Mensalmente,Menos frequentemente,Menos frequentemente,Diariamente,Semanalmente,Menos frequentemente,Diariamente,C,2,1.107142857,2.892857143,2.612903226,4.0,3.25,3.25,1,1,4,7,5,4,3,1,FUNK,POPE,COPY,KNOW,SAND,ZEAL,VERB,FUNK,PO E,COPY,KNOW,SAND,ZEAL,VERB,15,25,45,55,70,85,100,1,0,0,0,0,0,0,0.14285714289999998,3,4,4,4,4,4,4,3.857142857,OUCH,KEYS,WOLF,PUSH,MONK,HOWL,HOAX,OUCH,KEYS,WOLF,PUSH,MONK,HO L,HO,30,70,110,150,190,220,240,1,0,0,0,0,0,0,0.14285714289999998,3,4,4,4,4,4,4,3.857142857,FUNK,PARK,UGLY,PLAY,CAVE,ZEAL,VERB,FUNK,PARK,UGLY,PLAY,CAVE,ZEAL,V RB,40,80,120,160,200,240,270,0,4,0,4,0,4,0,1.714285714,4,0,4,0,4,0,4,2.285714286,WOLF,PLAY,MARK,HUSK,FACT,JARS,FLEW,WOLF,P AY,MARK,HUSK,FA T,JARS,FLEW,0,0,40,40,80,120,160,0,1,4,0,4,4,4,2.4285714290000002,4,3,0,4,0,0,0,1.571428571
129,Low,Low,Low,High,High,High,Low,Low,Low,Low,High,High,Low,Low,High,High,High,High,High,High,High,Low,High,Low,High,Low,High,High,Low,Low,Low,High,High,Low,High,High,Low,Low,Feminino,22,Licenciatura,Google Chrome,"Entre 4 a 6 horas, inclusive",Windows,"Entre 4 a 6 horas, inclusive",Android,Menos de 2 horas,Facebook,Menos de 2 horas,Diariamente,Menos frequentemente,Semanalmente,Semanalmente,Semanalmente,Semanalmente,Diariamente,B,1,1.821428571,2.1785714290000002,1.1960784309999999,4.0,4.0,3.25,3,3,4,6,3,5,4,1,COKE,COPY,BLEW,CLAM,BIND,FACT,RACK,COKE,COPY,BLEW,CLAM,BIND,FACT,RACK,10,25,45,60,75,85,100,2,1,0,1,0,1,1,0.8571428570999999,2,3,4,3,4,3,3,3.142857143,NEXT,BURN,BIND,CLAP,HOWL,PLEB,WHEY,NEXT,BURN,BIND,CLAP,HOW,PLE,WHEY,40,80,120,160,180,210,240,0,0,0,0,2,0,1,0.42857142859999997,4,4,4,4,2,4,3,3.571428571,GLOW,POKE,JOKY,ZEAL,JADE,MANY,FILM,GLOW,POKE,JOKY,ZEAL,JADE,MANY,FILM,30,70,110,140,170,210,250,3,4,4,1,1,0,3,2.285714286,1,0,0,3,3,4,1,1.714285714,QUIT,BIND,FUNK,DUKE,SAND,HUSK,KNOW,QUIT,BIND,FUNK,DUKE,SAND,HUSK,KNO,20,60,100,130,170,210,250,2,4,4,4,4,4,4,3.714285714,2,0,0,0,0,0,0,0.2857142857
132,High,High,High,High,High,High,High,High,High,Low,High,High,Low,Low,High,Low,High,High,High,Low,High,Low,Low,Low,Low,High,Low,Low,Low,Low,High,High,High,Low,Low,High,Low,Low,Feminino,34,Mestrado,Google Chrome,"Entre 2 a 4 horas, inclusive",macOS,"Entre 6 a 8 horas, inclusive",Android,"Entre 2 a 4 horas, inclusive",Facebook,Menos de 2 horas,Diariamente,Menos frequentemente,Menos frequentemente,Semanalmente,Mensalmente,Mensalmente,Diariamente,C,2,0.8214285714,3.178571429,3.869565217,4.0,4.0,2.5,2,6,3,5,5,2,2,1,JUST,BLOW,WAVE,PECK,DECK,LICH,PLUG,UST,BLO,WAV,PECK,DECK,LICH,LUG,10,20,25,40,55,65,75,1,0,0,0,0,0,0,0.14285714289999998,3,4,4,4,4,4,4,3.857142857,CUPS,HELP,CUPS,MUCH,CZAR,BOWL,HYMN,CUP,HEL,CUPS,MU H,CZ R,BOWL,H MN,30,60,100,120,150,190,220,1,0,0,0,0,0,0,0.14285714289999998,3,4,4,4,4,4,4,3.857142857,CUPS,BANG,OKAY,PLUG,CROW,FLEX,FILM,CUPS,BANG,O AY,LUG,CROW,FLEX,FILM,40,80,110,140,180,210,250,1,0,0,0,0,1,0,0.2857142857,3,4,4,4,4,3,4,3.714285714,CHIP,YOLK,CAKE,BEEF,POEM,CAKE,GAWK,CHIP,YOLK,CAKE,BE F,POEM,CA E,G WK,0,30,70,90,110,130,160,0,4,4,4,2,2,3,2.714285714,4,0,0,0,2,2,1,1.285714286
133,Low,High,Low,Low,High,Low,High,High,High,High,High,High,Low,High,High,Low,High,High,Low,Low,Low,Low,High,Low,High,High,Low,High,Low,Low,High,High,High,Low,High,High,Low,Low,Feminino,24,Licenciatura,Google Chrome,"Entre 4 a 6 horas, inclusive",Windows,"Entre 4 a 6 horas, inclusive",iOS,"Entre 4 a 6 horas, inclusive",Instagram,Menos de 2 horas,Diariamente,Menos frequentemente,Diariamente,Diariamente,Diariamente,Diariamente,Diariamente,A,0,1.178571429,2.821428571,2.393939394,4.0,3.25,4.5,1,1,4,7,7,3,4,4,TAXI,TACK,CLUB,SKIP,MUCH,MUGS,CLUB,TAXI,TACK,CLUB,SKI,MUCH,UGS,C UB,15,20,30,40,50,55,65,1,1,1,0,0,0,0,0.42857142859999997,3,3,3,4,4,4,4,3.571428571,HAZE,FLIP,HYPE,MOCK,BOWL,CRAB,VOWS,HAZE,FLIP,HYPE,MO K,OWL,CRAB,VOWS,40,80,120,150,180,220,260,0,0,0,0,0,0,0,0.0,4,4,4,4,4,4,4,4.0,BEAK,IMPS,PERK,CYAN,COWS,WEAK,BEAK,BEAK,IMPS,PERK,CYA,COWS,WEAK,BEAK,40,80,120,150,180,210,250,2,1,1,0,0,0,1,0.7142857143000001,2,3,3,4,4,4,3,3.285714286,CLUB,PACT,WHIM,FLEX,NUKE,VERB,NUKE,CL B,PAC,WHIM,FL X,NUKE,VERB,NUKE,10,40,80,110,140,170,210,1,4,4,4,4,4,4,3.571428571,3,0,0,0,0,0,0,0.42857142859999997
134,High,Low,High,High,High,Low,Low,Low,Low,Low,Low,High,High,High,High,High,High,High,High,High,Low,Low,High,High,High,Low,High,Low,High,High,High,Low,High,High,High,High,Low,Low,Masculino,21,Licenciatura,Google Chrome,Menos de 2 horas,Windows,"Entre 2 a 4 horas, inclusive",Android,"Entre 4 a 6 horas, inclusive",Instagram,Menos de 2 horas,Diariamente,Menos frequentemente,Semanalmente,Semanalmente,Semanalmente,Diariamente,Diariamente,C,2,1.392857143,2.607142857,1.871794872,4.0,3.75,3.0,4,1,3,7,6,4,1,1,CAKE,EXPO,GAWK,YOLK,BABY,WOMB,BUMP,CA E,EXPO,GAWK,YOLK,BA Y,WOMB,UM,0,10,20,35,50,70,70,2,0,1,0,0,0,2,0.7142857143000001,2,4,3,4,4,4,2,3.285714286,BABY,PLUG,HAZE,HYPE,MURK,WHIP,TACK,BA Y,PLUG,HAZE,H PE,MURK,WHIP,TACK,20,60,100,130,170,210,250,0,0,0,0,0,0,0,0.0,4,4,4,4,4,4,4,4.0,BUMP,CAMP,PINK,BAKE,ONYX,CROW,FLUX,BUMP,AMP,PINK,B KE,ONYX,CROW,FLUX,30,70,110,150,190,230,260,2,1,1,1,1,0,4,1.428571429,2,3,3,3,3,4,0,2.5714285709999998,CHIP,DECK,CLUB,PLUG,INCH,YOLK,SACK,CHIP,DECK,CLUB,PLUG,IN H,YOLK,ACK,10,50,70,110,150,190,230,1,4,3,4,4,4,4,3.428571429,3,0,1,0,0,0,0,0.5714285714
135,Low,High,Low,High,Low,High,Low,High,High,High,High,High,Low,Low,Low,Low,Low,Low,High,High,High,Low,High,Low,Low,Low,Low,Low,High,Low,High,High,High,Low,Low,High,High,High,Feminino,19,Ensino Secundário,Google Chrome,Menos de 2 horas,macOS,Menos de 2 horas,iOS,Menos de 2 horas,Instagram,Menos de 2 horas,Semanalmente,Menos frequentemente,Mensalmente,Diariamente,Diariamente,Menos frequentemente,Diariamente,A,0,1.464285714,2.535714286,1.731707317,4.0,2.75,3.75,1,2,1,7,7,3,4,1,WEAK,JUNK,HELM,DOCK,BAKE,CRAB,SACK,WEAK,JU K,HELM,DOCK,BAKE,CRAB,SACK,15,15,25,35,45,55,70,1,2,2,2,2,1,0,1.428571429,3,2,2,2,2,3,4,2.5714285709999998,BEAK,WHIP,PLUG,CORK,LICK,BAKE,HELM,BEAK,WHIP,PLUG,CORK,LICK,BAKE,HELM,40,70,100,140,170,170,210,0,1,1,0,1,4,0,1.0,4,3,3,4,3,0,4,3.0,DECK,CUPS,GOLF,MASK,CAKE,BAKE,SEXY,DECK,CUPS,GOLF,MAS,CAKE,BAKE,SEX,40,80,120,150,190,230,260,0,0,1,0,0,0,0,0.14285714289999998,4,4,3,4,4,4,4,3.857142857,FLUX,DUSK,JEST,JEST,PICK,JUNK,BEAK,FLUX,DUSK,JEST,JEST,PICK,JUNK,BEAK,20,30,70,110,150,190,230,2,1,4,4,4,4,4,3.285714286,2,3,0,0,0,0,0,0.7142857143000001
136,Low,Low,Low,High,Low,Low,High,High,High,High,High,High,High,Low,High,Low,High,High,Low,Low,High,Low,High,High,High,High,High,High,High,High,Low,High,High,Low,High,High,Low,Low,Masculino,23,Mestrado,Google Chrome,"Entre 2 a 4 horas, inclusive",macOS,"Entre 4 a 6 horas, inclusive",iOS,"Entre 2 a 4 horas, inclusive",Instagram,Menos de 2 horas,Diariamente,Menos frequentemente,Diariamente,Semanalmente,Semanalmente,Semanalmente,Diariamente,C,2,1.071428571,2.928571429,2.733333333,4.0,3.0,5.0,1,1,4,6,7,7,4,2,YUCK,MEOW,CHIP,GAWK,SCAM,JANE,MOVE,YUCK,MEO,HIP,G WK,SCAM,JANE,MO E,10,20,25,40,55,70,80,1,0,0,0,0,0,0,0.14285714289999998,3,4,4,4,4,4,4,3.857142857,LICH,DUSK,VOWS,MUGS,ZONE,COWS,ONYX,LICH,DUSK,VOWS,MUGS,ZO E,COWS,ONYX,30,70,110,150,180,220,260,1,0,0,0,0,0,0,0.14285714289999998,3,4,4,4,4,4,4,3.857142857,YUCK,LAMP,RUBY,OKAY,BAKE,JANE,MOVE,YUCK,LAMP,RUBY,OKAY,BAKE,JANE,MOVE,40,80,120,160,200,240,280,0,4,0,4,0,4,0,1.714285714,4,0,4,0,4,0,4,2.285714286,VOWS,OKAY,FORK,CUPS,FANG,JAIL,BLOW,VOWS,OKAY,FORK,CUPS,FANG,JAIL,BLOW,0,0,40,40,70,110,150,0,0,4,0,4,4,4,2.285714286,4,4,0,4,0,0,0,1.714285714
141,High,Low,High,High,High,High,High,High,High,High,High,High,High,Low,High,High,High,High,Low,High,High,Low,High,Low,High,Low,Low,High,Low,High,High,High,High,High,Low,High,High,Low,Feminino,23,Licenciatura,Google Chrome,Mais de 8 horas,Windows,Mais de 8 horas,iOS,"Entre 2 a 4 horas, inclusive",Twitter,Menos de 2 horas,Diariamente,Semanalmente,Menos frequentemente,Diariamente,Semanalmente,Diariamente,Diariamente,A,0,2.0,2.0,1.0,4.0,4.25,3.75,2,5,4,6,6,5,3,1,MAPS,FACT,PUSH,FLOW,HOWL,PLEB,MANY,MAPS,FACT,P SH,FLO,HOWL,PLE,MANY,10,25,25,20,25,40,60,2,1,3,3,2,0,0,1.571428571,2,3,1,1,2,4,4,2.4285714290000002,JUKE,GLOW,JARS,PLEB,FACT,CLAP,COPS,JUKE,LOW,JAR,PLE,F CT,CLAP,COPS,30,60,90,120,140,170,200,1,0,0,1,2,1,1,0.8571428570999999,3,4,4,3,2,3,3,3.142857143,MONK,JOKY,FUNK,MANY,GLOW,PARK,WORK,M NK,JOKY,FUN,MANY,G OW,PARK,ORK,30,60,100,140,170,210,240,1,2,3,2,3,3,2,2.285714286,3,2,1,2,1,1,2,1.714285714,GLOW,APEX,JIMP,DUMB,POKE,JIMP,JARS,GLOW,PEX,JIM,UMB,POKE,J M,JA S,30,50,70,100,130,140,170,3,4,2,4,4,3,3,3.285714286,1,0,2,0,0,1,1,0.7142857143000001
142,High,Low,Low,Low,Low,Low,High,Low,High,Low,Low,Low,High,High,High,High,High,High,High,Low,Low,Low,High,High,Low,High,High,High,High,High,Low,Low,High,High,High,Low,Low,Low,Masculino,25,Licenciatura,Mozilla Firefox,Mais de 8 horas,Windows,Mais de 8 horas,Android,"Entre 2 a 4 horas, inclusive",Facebook,"Entre 2 a 4 horas, inclusive",Diariamente,Menos frequentemente,Diariamente,Menos frequentemente,Menos frequentemente,Mensalmente,Diariamente,C,2,1.785714286,2.214285714,1.24,4.0,3.0,4.25,3,2,5,2,4,4,3,6,FARM,FANG,MUGS,FLIP,COWS,LIMP,BANG,FARM,FANG,MUGS,LIP,COWS,LIMP,B NG,5,10,20,20,30,40,45,2,1,2,3,2,0,0,1.428571429,2,3,2,1,2,4,4,2.5714285709999998,JUNK,PLUG,JAIL,LIMP,FANG,CASK,SKIP,JUNK,PLUG,JAIL,LIM,FA G,CASK,SKIP,30,70,110,140,150,180,210,1,0,0,0,1,1,1,0.5714285714,3,4,4,4,3,3,3,3.428571429,ZONE,COZY,YUCK,BANG,PLUG,LAMP,WEAK,ZONE,CO Y,YUCK,B NG,PLUG,LAMP,WEAK,40,80,110,140,180,220,260,1,3,2,3,2,3,2,2.285714286,3,1,2,1,2,1,2,1.714285714,PLUG,FLEX,PUMP,WOMB,EXPO,PUMP,JAIL,PLUG,FLE,PUM,WOMB,EXP,PUM,JAIL,30,60,70,100,140,150,170,3,3,2,3,4,2,3,2.857142857,1,1,2,1,0,2,1,1.142857143
143,High,High,High,High,High,High,High,Low,High,High,High,High,Low,Low,High,High,High,Low,High,Low,High,Low,High,High,High,High,High,High,Low,Low,High,High,High,Low,High,High,Low,Low,Masculino,23,Licenciatura,Mozilla Firefox,Mais de 8 horas,Windows,Mais de 8 horas,Android,"Entre 4 a 6 horas, inclusive",Twitter,Mais de 8 horas,Diariamente,Semanalmente,Menos frequentemente,Diariamente,Semanalmente,Mensalmente,Diariamente,D,3,1.428571429,2.5714285709999998,1.8,4.0,3.75,3.75,2,4,3,6,6,4,3,2,FLIP,ZERO,LAMP,PINK,FORK,WHIM,JEST,FLIP,Z  O,LAMP,PINK,FOR,WHIM,JES,20,30,45,55,55,70,75,0,1,0,0,1,1,1,0.5714285714,4,3,4,4,3,3,3,3.428571429,FLEX,LICK,WOMB,MUCH,DOCK,CLIP,CAKE,FLEX,LIC,WOM,MUCH,D CK,CLIP,CAKE,30,60,90,90,120,160,200,1,1,1,4,1,0,0,1.142857143,3,3,3,0,3,4,4,2.857142857,FAME,PAWN,SKIP,COZY,RUBY,SACK,PORK,FAME,P WN,S IP,COZY,RUBY,SACK,PO K,40,70,110,150,190,230,260,1,0,2,0,0,0,1,0.5714285714,3,4,2,4,4,4,3,3.428571429,PECK,DUSK,CAPE,JUST,SCAM,ONYX,CHIP,PECK,DUSK,CAPE,JUST,SCAM,ONYX,CHIP,10,50,90,130,170,210,240,1,4,4,4,4,4,3,3.428571429,3,0,0,0,0,0,1,0.5714285714
144,Low,Low,Low,High,High,Low,Low,Low,Low,Low,High,Low,High,Low,Low,High,High,High,Low,Low,Low,Low,Low,High,High,Low,Low,Low,Low,Low,Low,Low,High,Low,Low,High,Low,Low,Feminino,23,Licenciatura,Mozilla Firefox,"Entre 6 a 8 horas, inclusive",Windows,"Entre 6 a 8 horas, inclusive",Android,Menos de 2 horas,Reddit,Menos de 2 horas,Diariamente,Menos frequentemente,Semanalmente,Semanalmente,Semanalmente,Semanalmente,Diariamente,A,0,1.571428571,2.4285714290000002,1.545454545,4.0,4.25,5.0,5,2,4,6,6,5,4,5,FOLK,PUMA,ROCK,BURY,MAPS,PLOT,FORM,FOLK,P MA,ROCK,BU,A,PL,,15,20,30,35,35,35,25,1,0,0,0,0,0,0,0.14285714289999998,3,4,4,4,4,4,4,3.857142857,HAVE,CAFE,FUNK,PLEB,JADE,WIMP,FLOP,HAVE,CAFE,FUNK,PLEB,JADE,WIMP,FLOP,40,70,110,150,190,230,270,0,1,0,0,0,0,0,0.14285714289999998,4,3,4,4,4,4,4,3.857142857,PUSH,CLAP,BURN,WOLF,AMOK,FLOP,COPY,PUSH,CLAP,BURN,WOLF,AM K,FL P,COPY,40,70,110,150,170,210,250,3,2,2,3,3,3,2,2.5714285709999998,1,2,2,1,1,1,2,1.428571429,FLOP,GLOW,POKE,MANY,LUCK,EXAM,WINK,FLOP,GLOW,POKE,MANY,LUCK,EXAM,WINK,30,70,110,150,180,220,240,3,4,4,4,3,4,2,3.428571429,1,0,0,0,1,0,2,0.5714285714
145,Low,High,High,High,High,High,High,High,High,High,High,High,High,Low,High,High,High,High,High,High,High,Low,High,Low,High,Low,Low,Low,Low,Low,High,High,High,Low,Low,High,Low,High,Masculino,23,Licenciatura,Google Chrome,"Entre 4 a 6 horas, inclusive",Windows,"Entre 6 a 8 horas, inclusive",Android,"Entre 2 a 4 horas, inclusive",Twitter,Menos de 2 horas,Diariamente,Menos frequentemente,Menos frequentemente,Diariamente,Diariamente,Mensalmente,Diariamente,A,0,1.535714286,2.464285714,1.6046511630000002,4.0,3.25,5.25,5,2,4,2,6,6,5,4,DOCK,PAWN,PERK,BREW,FARM,PACT,CROW,DOC,PAW,PERK,BREW,R,A T,CROW,5,20,40,50,35,35,35,1,0,0,0,0,1,0,0.2857142857,3,4,4,4,4,3,4,3.714285714,HELM,TACK,YUCK,LIMP,JUDO,CAMP,CLIP,ELM,TACK,YUCK,LIMP,JUDO,CAMP,CLIP,30,60,100,140,180,220,260,0,1,0,0,0,0,0,0.14285714289999998,4,3,4,4,4,4,4,3.857142857,MUGS,CASK,NUKE,VOWS,WALK,CLIP,CHIP,MUGS,CAS,NUKE,VOWS,ALK,CLIP,CHIP,40,80,120,160,200,230,270,3,2,2,3,2,2,2,2.285714286,1,2,2,1,2,2,2,1.714285714,CLIP,PLUG,EXPO,BANG,PICK,HAZE,WHIP,CLIP,PLUG,EXPO,BANG,PICK,HAZE,WHIP,30,70,110,150,180,220,240,3,4,4,4,3,4,2,3.428571429,1,0,0,0,1,0,2,0.5714285714
146,Low,Low,Low,Low,High,Low,High,High,High,Low,High,High,Low,Low,High,Low,Low,High,High,High,High,Low,High,Low,High,High,Low,Low,Low,Low,Low,High,High,Low,Low,High,Low,Low,Masculino,22,Licenciatura,Mozilla Firefox,"Entre 6 a 8 horas, inclusive",Windows,Mais de 8 horas,Android,"Entre 2 a 4 horas, inclusive",Instagram,Menos de 2 horas,Diariamente,Semanalmente,Mensalmente,Diariamente,Diariamente,Semanalmente,Diariamente,D,3,1.571428571,2.4285714290000002,1.545454545,4.0,4.25,3.0,5,2,4,6,6,4,1,1,GLOW,QUIT,HOWL,AXIS,MICE,HIKE,LUCK,G O,QUIT,HOW,XIS,MICE,HIKE,LUCK,5,15,30,40,55,65,70,2,0,0,1,0,0,1,0.5714285714,2,4,4,3,4,4,3,3.428571429,FORM,JOKY,PALM,COME,COPY,JUKE,HOAX,F RM,JOKY,PALM,COME,COPY,JUKE,HOAX,20,50,80,120,160,200,240,2,1,1,0,0,0,0,0.5714285714,2,3,3,4,4,4,4,3.428571429,FURY,SAND,MANY,COPY,GLOW,DUCK,CHIC,FUR,SA D,AN,COPY,GLOW,DUC,CHI,40,70,110,140,180,210,250,2,1,2,2,2,2,2,1.857142857,2,3,2,2,2,2,2,2.142857143,INKY,POKE,COME,BARK,COPY,NUMB,CAFE,I KY,POKE,COM,BARK,COPY,NUMB,CAFE,20,40,60,100,140,170,210,2,2,3,4,4,4,4,3.285714286,2,2,1,0,0,0,0,0.7142857143000001
147,High,High,High,High,High,High,High,Low,Low,Low,Low,High,High,High,High,High,High,High,High,Low,Low,Low,High,Low,Low,Low,Low,Low,Low,High,High,Low,High,High,Low,High,Low,High,Masculino,22,Licenciatura,Google Chrome,"Entre 4 a 6 horas, inclusive",Windows,"Entre 6 a 8 horas, inclusive",Android,"Entre 2 a 4 horas, inclusive",Facebook,Menos de 2 horas,Diariamente,Menos frequentemente,Semanalmente,Mensalmente,Semanalmente,Diariamente,Diariamente,A,0,1.392857143,2.607142857,1.871794872,4.0,3.25,3.0,1,2,3,7,6,3,2,1,PLUG,JUST,COWS,SEXY,IMPS,HELP,PICK,PLUG,JU T,CO S,SEXY,IMPS,HELP,PICK,10,25,30,40,55,75,90,0,0,0,0,0,0,1,0.14285714289999998,4,4,4,4,4,4,3,3.857142857,CROW,COZY,MASK,CAPE,CHIP,JUNK,ONYX,CROW,COZY,M SK,CAPE,CHIP,JUNK,ONYX,30,60,80,120,160,200,240,1,1,1,0,0,0,0,0.42857142859999997,3,3,3,4,4,4,4,3.571428571,GULF,SCAM,BANG,CHIP,PLUG,PECK,CHEW,GULF,SCAM,BANG,HIP,PLUG,PECK,CHEW,30,70,90,130,170,210,240,1,1,2,3,2,2,2,1.857142857,3,3,2,1,2,2,2,2.142857143,ENVY,EXPO,CAPE,MURK,CHIP,HYMN,TACK,ENVY,EXPO,CAPE,MURK,CHIP,H MN,TACK,20,40,60,100,140,180,220,2,2,2,4,4,4,4,3.142857143,2,2,2,0,0,0,0,0.8571428570999999
148,Low,Low,Low,Low,High,Low,High,Low,High,High,High,High,High,Low,High,High,High,High,High,High,High,High,High,High,High,Low,Low,High,Low,Low,Low,High,High,Low,High,High,Low,Low,Masculino,31,Mestrado,Google Chrome,Mais de 8 horas,macOS,Mais de 8 horas,Android,"Entre 2 a 4 horas, inclusive",Facebook,Menos de 2 horas,Diariamente,Semanalmente,Diariamente,Diariamente,Diariamente,Diariamente,Diariamente,A,0,1.214285714,2.785714286,2.2941176469999998,4.0,3.0,4.0,3,2,2,5,7,3,3,3,FORM,UGLY,SAND,ROCK,CHEF,MICE,JADE,FORM,UGLY,S ND,OC,CH F,MICE,ADE,10,30,35,35,45,65,75,0,0,1,1,0,0,0,0.2857142857,4,4,3,3,4,4,4,3.714285714,BIKE,CAVE,FILM,HULK,MONK,KNOW,NAVY,BIKE,CAVE,FILM,HULK,MONK,KNOW,NAVY,30,70,110,150,190,230,270,1,0,0,0,0,0,0,0.14285714289999998,3,4,4,4,4,4,4,3.857142857,BURY,SCUM,COKE,BURY,BARF,BIND,PUMA,B RY,SCUM,COKE,BURY,BARF,BIND,PUMA,40,80,120,160,200,240,280,3,1,0,0,0,0,0,0.5714285714,1,3,4,4,4,4,4,3.428571429,INKY,JOKY,FOAM,PUSH,NEXT,FLOW,NEXT,NKY,JOKY,FOAM,PUSH,NEXT,FLOW,NEXT,20,60,100,140,180,220,260,3,4,4,4,4,4,4,3.857142857,1,0,0,0,0,0,0,0.14285714289999998
149,High,Low,Low,High,Low,Low,Low,Low,Low,Low,Low,High,High,High,High,High,High,High,High,High,Low,Low,Low,High,High,High,High,Low,High,High,Low,Low,High,High,Low,High,Low,Low,Feminino,19,Ensino Secundário,Google Chrome,"Entre 2 a 4 horas, inclusive",Windows,"Entre 2 a 4 horas, inclusive",Android,"Entre 2 a 4 horas, inclusive",Instagram,Menos de 2 horas,Semanalmente,Menos frequentemente,Menos frequentemente,Diariamente,Diariamente,Mensalmente,Diariamente,A,0,1.071428571,2.928571429,2.733333333,4.0,2.5,4.0,1,1,1,7,7,4,4,1,CROW,RUBY,SCAM,PERK,MUCH,IMPS,JUDO,C OW,RUBY,SCAM,PERK,MUC,I PS,JUDO,10,20,30,45,45,50,60,0,0,0,0,0,0,0,0.0,4,4,4,4,4,4,4,4.0,PINK,BAKE,WHIM,CLUB,ZONE,GAWK,BABY,PINK,BAKE,WHIM,CLUB,ZONE,GAW,BA Y,30,70,110,150,190,220,250,1,0,0,0,0,0,0,0.14285714289999998,3,4,4,4,4,4,4,3.857142857,BREW,SACK,ZERO,BREW,VERB,PING,PAWN,BREW,SACK,ZERO,BREW,VERB,PING,PAWN,30,70,110,150,190,230,270,2,1,0,0,0,0,0,0.42857142859999997,2,3,4,4,4,4,4,3.571428571,ENVY,COZY,FILM,MUGS,JEST,FLIP,JEST,ENVY,COZY,FILM,MUGS,JEST,FLIP,JEST,20,60,100,140,180,220,260,2,4,4,4,4,4,4,3.714285714,2,0,0,0,0,0,0,0.2857142857
150,Low,High,High,High,High,High,Low,Low,High,Low,High,Low,High,High,Low,Low,High,High,Low,Low,Low,Low,Low,Low,Low,Low,Low,Low,Low,Low,High,Low,Low,Low,Low,High,Low,Low,Masculino,19,Ensino Secundário,Google Chrome,"Entre 2 a 4 horas, inclusive",Linux,"Entre 2 a 4 horas, inclusive",Android,"Entre 4 a 6 horas, inclusive",Instagram,"Entre 2 a 4 horas, inclusive",Semanalmente,Menos frequentemente,Semanalmente,Mensalmente,Semanalmente,Menos frequentemente,Diariamente,A,0,1.0,3.0,3.0,4.0,5.0,4.25,5,1,7,7,5,4,7,1,LAMB,BOMB,RACK,MYTH,BULK,KEYS,EXAM,LAMB,BOM,RACK,MYTH,ULK,KEYS,XAM,15,25,35,45,55,70,75,0,0,1,1,0,0,0,0.2857142857,4,4,3,3,4,4,4,3.714285714,HOWL,FLEW,LUCK,QUIT,BULK,GLOW,CREW,H WL,FLEW,LU K,QUIT,BULK,GLOW,CREW,30,60,90,130,170,210,250,0,0,0,0,0,0,0,0.0,4,4,4,4,4,4,4,4.0,DUCK,BURY,FUNK,CLAP,RACK,FUNK,BURN,D CK,B R,FUNK,CLAP,RACK,FUNK,BURN,30,50,90,130,170,210,250,0,0,0,0,0,0,0,0.0,4,4,4,4,4,4,4,4.0,PARK,JARS,DUMB,PUSH,BULK,FLEW,HIKE,PARK,JARS,DUMB,PUSH,BULK,FLEW,HIKE,10,30,70,110,140,180,220,2,4,4,4,4,4,4,3.714285714,2,0,0,0,0,0,0,0.2857142857
151,Low,Low,Low,Low,High,Low,Low,Low,Low,Low,High,Low,Low,Low,High,High,High,High,High,Low,Low,Low,Low,High,High,Low,Low,Low,Low,Low,Low,Low,High,Low,Low,High,Low,High,Masculino,20,Ensino Secundário,Google Chrome,"Entre 4 a 6 horas, inclusive",Linux,"Entre 4 a 6 horas, inclusive",Android,"Entre 2 a 4 horas, inclusive",Twitter,Menos de 2 horas,Diariamente,Menos frequentemente,Menos frequentemente,Semanalmente,Menos frequentemente,Menos frequentemente,Semanalmente,A,0,1.107142857,2.892857143,2.612903226,4.0,1.0,5.5,1,1,1,1,7,7,7,1,DAMB,BUMP,PORK,HYPE,FLUX,DUSK,HAZE,DAMB,B MP,PORK,HYPE,FLUX,DUSK,HAZE,10,20,35,50,65,80,100,0,1,1,1,0,0,0,0.42857142859999997,4,3,3,3,4,4,4,3.571428571,COWS,BLOW,PICK,JUST,FLUX,PLUG,CRAB,COWS,B OW,PICK,JUST,FLUX,PLUG,CRAB,40,70,110,150,190,230,270,0,1,0,0,0,0,0,0.14285714289999998,4,3,4,4,4,4,4,3.857142857,PECK,BREW,YUCK,CASK,PORK,YUCK,NUKE,PECK,BREW,YU,C SK,PO K,YUCK,NUKE,40,80,100,130,160,200,240,0,0,0,0,0,0,0,0.0,4,4,4,4,4,4,4,4.0,LAMP,JAIL,WOMB,MUGS,FLUX,BLOW,HELP,AM,AI,WOMB,MUGS,FLU,BLOW,HELP,20,60,100,140,180,220,260,3,4,4,4,4,4,4,3.857142857,1,0,0,0,0,0,0,0.14285714289999998
153,High,Low,High,High,High,High,High,Low,Low,Low,Low,High,High,High,High,High,High,High,High,Low,Low,Low,Low,High,Low,High,Low,Low,Low,Low,High,Low,High,High,Low,High,Low,Low,Masculino,22,Licenciatura,Google Chrome,"Entre 4 a 6 horas, inclusive",Windows,Mais de 8 horas,Android,"Entre 2 a 4 horas, inclusive",Instagram,"Entre 2 a 4 horas, inclusive",Diariamente,Menos frequentemente,Diariamente,Semanalmente,Diariamente,Semanalmente,Diariamente,D,3,2.107142857,1.857142857,0.8813559322,3.964285714,4.0,3.25,4,2,4,6,4,5,2,2,ZERO,CHIP,BEAK,CAKE,PING,FANG,PORK,ZE O,CHIP,B A,CAKE,ING,FANG,POR,10,20,20,30,35,45,55,2,1,1,1,0,1,2,1.142857143,2,3,2,3,4,3,2,2.714285714,JEST,NUKE,PING,CASK,COWS,LIMP,WAVE,JEST,NU E,PING,SK,COWS,L MP,WAVE,40,70,110,130,150,180,210,0,1,0,1,2,0,1,0.7142857143000001,4,3,4,3,2,4,3,3.285714286,PLUG,EXPO,COZY,JANE,JUDO,BANG,WHIM,PLU,EXPO,COZY,JAN,J  O,BANG,WHIM,40,80,120,160,190,230,270,4,4,4,2,2,0,3,2.714285714,0,0,0,2,2,4,1,1.285714286,JUST,PING,YUCK,DEFY,SCAM,CUPS,GAWK,J ST,PING,YUCK,DE Y,SCAM,CUPS,GAWK,20,60,100,140,180,220,250,3,4,4,4,4,4,4,3.857142857,1,0,0,0,0,0,0,0.14285714289999998
156,Low,High,High,High,High,High,High,High,Low,Low,High,Low,High,High,High,High,High,High,Low,Low,Low,Low,High,High,Low,Low,Low,Low,Low,Low,High,High,High,High,Low,High,Low,High,Masculino,28,Mestrado,Mozilla Firefox,"Entre 2 a 4 horas, inclusive",Linux,"Entre 6 a 8 horas, inclusive",Android,Menos de 2 horas,Facebook,Menos de 2 horas,Diariamente,Mensalmente,Diariamente,Mensalmente,Diariamente,Menos frequentemente,Semanalmente,C,2,1.357142857,2.642857143,1.947368421,4.0,2.5,5.0,1,2,4,3,7,4,5,4,DUKE,HIKE,EXAM,HOWL,KEYS,OUCH,MICE,DU E,HIKE,EXAM,HOWL,KEYS,OUCH,MI E,5,15,30,50,70,85,100,0,0,0,0,0,0,0,0.0,4,4,4,4,4,4,4,4.0,FORM,FLOW,CAFE,BARK,PLEB,PLOT,VERB,FOR,FLOW,CAFE,BARK,PLEB,PLOT,VERB,20,60,100,140,180,220,260,1,0,0,0,0,0,0,0.14285714289999998,3,4,4,4,4,4,4,3.857142857,BIKE,PUMA,BARF,LUCK,OUCH,PALM,FURY,BIKE,PUMA,BARF,LUCK,O C,PALM,FU Y,40,80,120,160,190,230,260,0,1,1,3,2,2,2,1.571428571,4,3,3,1,2,2,2,2.4285714290000002,FACE,DUMB,ROCK,BACK,PARK,MAPS,HIKE,F CE,DUM,ROCK,BACK,PARK,MAPS,H KE,30,70,110,150,190,230,260,3,4,4,4,4,4,3,3.714285714,1,0,0,0,0,0,1,0.2857142857
157,High,Low,Low,High,Low,High,High,High,High,Low,Low,High,High,Low,High,High,High,High,Low,High,High,Low,High,High,High,High,High,High,High,High,High,High,High,High,High,High,Low,Low,Feminino,40,Doutoramento,Google Chrome,Mais de 8 horas,macOS,Mais de 8 horas,iOS,"Entre 2 a 4 horas, inclusive",Outra,Menos de 2 horas,Diariamente,Menos frequentemente,Diariamente,Diariamente,Diariamente,Diariamente,Diariamente,D,3,1.25,2.75,2.2,4.0,3.0,1.75,2,1,2,7,1,3,1,2,DEFY,HELP,HAZE,COWS,DUSK,LICH,IMPS,DEFY,HELP,H ZE,COWS,DUSK,LICH,IMPS,20,40,50,60,70,85,95,0,0,0,0,0,0,0,0.0,4,4,4,4,4,4,4,4.0,CROW,FLIP,TACK,MURK,LIMP,PACT,MOVE,CROW,FLIP,TACK,MURK,LIMP,PAC,MOVE,30,70,110,150,190,220,260,1,0,0,0,0,0,0,0.14285714289999998,3,4,4,4,4,4,4,3.857142857,PINK,PAWN,VERB,PICK,LICH,MASK,GULF,PINK,PAWN,VERB,PICK,LICH,MASK,GULF,40,80,120,160,190,230,270,0,1,1,3,1,2,1,1.285714286,4,3,3,1,3,2,3,2.714285714,CYAN,WOMB,PERK,CZAR,LAMP,FARM,HELP,CYAN,WOMB,PERK,CZAR,LAMP,FARM,HELP,20,50,90,130,170,210,230,2,4,4,4,4,4,3,3.571428571,2,0,0,0,0,0,1,0.42857142859999997
158,High,Low,Low,High,Low,High,Low,Low,High,Low,Low,High,Low,Low,Low,High,Low,Low,High,Low,Low,Low,Low,High,Low,Low,Low,Low,Low,Low,High,Low,High,Low,Low,High,High,Low,Masculino,20,Licenciatura,Safari,"Entre 6 a 8 horas, inclusive",macOS,"Entre 6 a 8 horas, inclusive",iOS,"Entre 2 a 4 horas, inclusive",Twitter,Menos de 2 horas,Diariamente,Menos frequentemente,Semanalmente,Semanalmente,Diariamente,Semanalmente,Semanalmente,A,0,1.107142857,2.892857143,2.612903226,4.0,4.25,3.5,4,4,2,7,7,2,4,1,JAIL,LAMP,WOMB,PICK,PACT,JOHN,MOCK,JAIL,LAMP,WOMB,PICK,PAC,JOHN,MO,5,15,35,50,60,75,75,2,0,0,0,0,0,1,0.42857142859999997,2,4,4,4,4,4,3,3.571428571,JAWS,ZONE,CHEW,GOLF,COWS,PORK,JAIL,JAWS,ONE,CHEW,GO F,COWS,PORK,JAIL,30,60,100,130,160,200,240,0,0,0,0,1,0,0,0.14285714289999998,4,4,4,4,3,4,4,3.857142857,CASK,MURK,SEXY,DOCK,PAWN,ONYX,DUSK,CASK,M RK,SEXY,DOCK,PAWN,ONYX,DUSK,40,70,110,150,190,230,260,1,0,1,0,0,1,0,0.42857142859999997,3,4,3,4,4,3,4,3.571428571,GULF,CASK,MOVE,PACT,MUGS,CHIP,JEST,GULF,CASK,MO E,P CT,MU S,CHIP,JEST,0,40,80,120,160,200,240,0,4,4,4,4,4,4,3.428571429,4,0,0,0,0,0,0,0.5714285714
164,Low,High,High,High,Low,High,High,High,Low,High,High,Low,High,Low,Low,High,High,Low,Low,Low,Low,Low,Low,High,High,Low,Low,Low,Low,High,High,High,Low,Low,Low,High,Low,High,Masculino,18,Ensino Secundário,Google Chrome,"Entre 4 a 6 horas, inclusive",Windows,"Entre 6 a 8 horas, inclusive",iOS,"Entre 2 a 4 horas, inclusive",Reddit,"Entre 2 a 4 horas, inclusive",Diariamente,Menos frequentemente,Menos frequentemente,Semanalmente,Semanalmente,Diariamente,Diariamente,A,0,1.535714286,2.464285714,1.6046511630000002,4.0,4.25,5.25,6,1,5,5,6,4,5,6,RACK,JOKY,SAND,HUSK,GLOW,QUIT,CHIC,ACK,JOKY,SA D,H  K,GLOW,QU T,C I,10,15,25,25,40,50,55,2,1,1,1,0,0,0,0.7142857143000001,2,3,3,3,4,4,4,3.285714286,PUMA,NEXT,WOLF,FICE,SPAM,FICE,FACT,PUMA,NEXT,WOLF,FICE,SPAM,FICE,FACT,30,70,110,150,190,230,270,1,0,0,0,0,0,0,0.14285714289999998,3,4,4,4,4,4,4,3.857142857,JUKE,SAND,PALM,NAVY,PLOT,JOKY,WORK,JU E,SA D,PALM,NAV,PLOT,OKY,WOR,40,80,110,140,180,210,250,2,2,2,1,3,2,4,2.285714286,2,2,2,3,1,2,0,1.714285714,CLAY,SAND,LIFE,FIVE,MICE,FICE,PUMA,CLAY,SAND,LIFE,F VE,MICE,FICE,PUMA,30,70,110,150,170,190,210,3,4,4,4,2,2,2,3.0,1,0,0,0,2,2,2,1.0
165,Low,Low,High,Low,High,High,Low,Low,Low,Low,High,Low,High,Low,Low,Low,Low,Low,Low,Low,Low,Low,Low,High,Low,Low,Low,Low,Low,Low,Low,Low,Low,Low,Low,High,Low,Low,Masculino,18,Ensino Secundário,Google Chrome,Menos de 2 horas,Windows,Menos de 2 horas,Android,"Entre 4 a 6 horas, inclusive",Instagram,Menos de 2 horas,Semanalmente,Menos frequentemente,Mensalmente,Mensalmente,Mensalmente,Menos frequentemente,Semanalmente,A,0,1.464285714,2.535714286,1.731707317,4.0,4.0,4.75,6,1,4,5,7,4,6,2,PORK,COZY,SCAM,CUPS,PLUG,JUST,CHEW,PORK,COZY,SCAM,CUPS,PLUG,JUST,CHEW,5,20,30,50,65,75,80,1,1,0,0,0,0,0,0.2857142857,3,3,4,4,4,4,4,3.714285714,PAWN,JEST,VOWS,FAME,POEM,FAME,FANG,PAWN,J ST,VOWS,AME,POEM,FAME,FANG,30,60,100,130,170,210,250,1,0,0,0,0,0,0,0.14285714289999998,3,4,4,4,4,4,4,3.857142857,JUNK,SCAM,MASK,BABY,PACT,COZY,WEAK,JUNK,SCAM,MA K,BA,PACT,COZY,WEAK,30,60,100,120,160,200,230,1,2,3,0,3,2,3,2.0,3,2,1,4,1,2,1,2.0,YOLK,SCAM,EPIC,FAKE,IMPS,FAME,PAWN,YOLK,SCAM,EPIC,FAKE,I P,ME,P  N,30,70,110,140,170,190,210,3,4,4,4,3,2,4,3.428571429,1,0,0,0,1,2,0,0.5714285714
166,Low,Low,Low,Low,High,Low,High,High,High,High,High,High,High,Low,High,High,Low,High,High,High,Low,Low,High,Low,High,High,High,High,High,Low,Low,High,High,Low,High,High,Low,Low,Feminino,25,Mestrado,Safari,"Entre 4 a 6 horas, inclusive",macOS,"Entre 6 a 8 horas, inclusive",iOS,"Entre 2 a 4 horas, inclusive",Instagram,Menos de 2 horas,Diariamente,Mensalmente,Menos frequentemente,Diariamente,Diariamente,Semanalmente,Semanalmente,C,2,1.178571429,2.821428571,2.393939394,4.0,2.5,5.0,1,1,1,7,6,7,6,1,BABY,HYPE,GULF,OKAY,GULF,HAZE,HELP,BA Y,HYPE,GULF,OKAY,GUL,AZ,H LP,10,20,30,45,50,55,65,1,0,0,0,0,1,0,0.2857142857,3,4,4,4,4,3,4,3.714285714,COZY,CLUB,LAMP,BLOW,BAKE,YUCK,SACK,COZY,CLUB,LAM,BLOW,BAKE,YUCK,SACK,30,70,100,140,180,220,260,1,0,0,0,0,0,0,0.14285714289999998,3,4,4,4,4,4,4,3.857142857,HYPE,TACK,JANE,PAWN,FORK,FLEX,PUMP,HYPE,TACK,JANE,P WN,FORK,FLEX,PUM,30,70,110,140,180,220,250,1,1,1,0,0,0,0,0.42857142859999997,3,3,3,4,4,4,4,3.571428571,TAXI,PERK,ZERO,BREW,MUCH,BOWL,FARM,TA I,PERK,ZER,BREW,MUCH,BOWL,FARM,30,70,110,150,190,230,260,3,4,4,4,4,4,4,3.857142857,1,0,0,0,0,0,0,0.14285714289999998
167,Low,High,Low,Low,Low,High,High,Low,Low,Low,Low,High,High,High,High,High,High,High,Low,Low,Low,High,Low,Low,Low,Low,Low,Low,High,Low,Low,Low,High,High,Low,High,Low,Low,Feminino,28,Licenciatura,Google Chrome,"Entre 2 a 4 horas, inclusive",Windows,"Entre 6 a 8 horas, inclusive",Android,"Entre 4 a 6 horas, inclusive",LinkedIn,Menos de 2 horas,Diariamente,Mensalmente,Semanalmente,Semanalmente,Semanalmente,Semanalmente,Semanalmente,A,0,0.5714285714,3.428571429,6.0,4.0,1.5,4.0,1,1,3,1,4,4,4,4,CLAP,LUCK,MAPS,COUP,KEYS,INKY,JUKE,CLAP,LU K,MAP,COUP,KEYS,INKY,JUKE,5,10,25,35,45,55,60,0,0,0,0,0,0,0,0.0,4,4,4,4,4,4,4,4.0,CHEF,BARF,BURN,FACE,PARK,PLEB,BURY,CHEF,BARF,URN,FACE,PA K,PLEB,BURY,30,70,100,140,170,210,250,0,0,0,0,0,0,0,0.0,4,4,4,4,4,4,4,4.0,CAFE,COME,WIMP,APEX,HALF,HULK,HOAX,CAFE,COME,WIMP,APEX,HALF,HULK,O,30,60,90,120,140,180,190,0,0,0,0,1,0,0,0.14285714289999998,4,4,4,4,3,4,4,3.857142857,LUCK,BOMB,CAFE,CLAY,TICK,KIND,FORM,LUCK,OM,CAFE,CLAY,TICK,KIND,FORM,0,10,10,30,70,80,120,0,1,1,3,4,2,4,2.142857143,4,3,3,1,0,2,0,1.857142857
168,High,Low,Low,Low,High,Low,High,Low,High,High,High,High,High,High,Low,High,High,Low,High,Low,Low,Low,High,High,High,High,High,High,High,High,High,High,High,High,High,High,Low,Low,Masculino,29,Licenciatura,Google Chrome,Mais de 8 horas,Windows,Mais de 8 horas,Android,Mais de 8 horas,Outra,Menos de 2 horas,Diariamente,Semanalmente,Menos frequentemente,Semanalmente,Menos frequentemente,Diariamente,Diariamente,B,1,1.178571429,2.821428571,2.393939394,4.0,3.25,4.75,1,1,4,7,7,7,4,1,CASK,PICK,FARM,CORK,DUSK,ENVY,JUNK,C S,PICK,FARM,CO K,DUSK,ENVY,JUNK,5,25,35,50,70,90,110,1,0,0,0,0,0,0,0.14285714289999998,3,4,4,4,4,4,4,3.857142857,MUCH,VERB,NUKE,CYAN,LAMP,LIMP,BREW,UC,ERB,NUKE,YAN,LAMP,LIMP,REW,20,50,90,120,160,200,230,1,0,0,0,0,0,0,0.14285714289999998,3,4,4,4,4,4,4,3.857142857,TACK,CAPE,CAMP,FLEX,GOLF,CLUB,ONYX,T  K,CAP,A P,FLE,GO,CLUB,ONYX,30,70,100,140,180,220,260,2,1,2,1,3,0,0,1.285714286,2,3,2,3,1,4,4,2.714285714,PICK,BUMP,TACK,YOLK,TAXI,INCH,CROW,K,B  P,T  K,YOL,TAXI,N,CROW,10,20,40,70,110,140,180,3,2,2,3,4,4,4,3.142857143,1,2,2,1,0,0,0,0.8571428570999999
